geoid,county,time,Accommodation and Food Services_entry_rate,Accommodation and Food Services_exit_rate,Accommodation and Food Services_total_employment,Accommodation and Food Services_total_job_creation,Administrative and Support and Waste Management and Remediation Services_entry_rate,Administrative and Support and Waste Management and Remediation Services_exit_rate,Administrative and Support and Waste Management and Remediation Services_total_employment,Administrative and Support and Waste Management and Remediation Services_total_job_creation,"Agriculture, Forestry, Fishing, and Hunting_entry_rate","Agriculture, Forestry, Fishing, and Hunting_exit_rate","Agriculture, Forestry, Fishing, and Hunting_total_employment","Agriculture, Forestry, Fishing, and Hunting_total_job_creation","Arts, Entertainment, and Recreation_entry_rate","Arts, Entertainment, and Recreation_exit_rate","Arts, Entertainment, and Recreation_total_employment","Arts, Entertainment, and Recreation_total_job_creation",Construction_entry_rate,Construction_exit_rate,Construction_total_employment,Construction_total_job_creation,Educational Services_entry_rate,Educational Services_exit_rate,Educational Services_total_employment,Educational Services_total_job_creation,Finance and Insurance_entry_rate,Finance and Insurance_exit_rate,Finance and Insurance_total_employment,Finance and Insurance_total_job_creation,Health Care and Social Assistance_entry_rate,Health Care and Social Assistance_exit_rate,Health Care and Social Assistance_total_employment,Health Care and Social Assistance_total_job_creation,Information_entry_rate,Information_exit_rate,Information_total_employment,Information_total_job_creation,Management of Companies and Enterprises_entry_rate,Management of Companies and Enterprises_exit_rate,Management of Companies and Enterprises_total_employment,Management of Companies and Enterprises_total_job_creation,Manufacturing_entry_rate,Manufacturing_exit_rate,Manufacturing_total_employment,Manufacturing_total_job_creation,"Mining, Quarrying, and Oil and Gas Extraction_entry_rate","Mining, Quarrying, and Oil and Gas Extraction_exit_rate","Mining, Quarrying, and Oil and Gas Extraction_total_employment","Mining, Quarrying, and Oil and Gas Extraction_total_job_creation",Nonclassifiable Establishments_entry_rate,Nonclassifiable Establishments_exit_rate,Nonclassifiable Establishments_total_employment,Nonclassifiable Establishments_total_job_creation,Other Services (except Public Administration)_entry_rate,Other Services (except Public Administration)_exit_rate,Other Services (except Public Administration)_total_employment,Other Services (except Public Administration)_total_job_creation,"Professional, Scientific, and Technical Services_entry_rate","Professional, Scientific, and Technical Services_exit_rate","Professional, Scientific, and Technical Services_total_employment","Professional, Scientific, and Technical Services_total_job_creation",Public Administration_entry_rate,Public Administration_exit_rate,Public Administration_total_employment,Public Administration_total_job_creation,Real Estate and Rental and Leasing_entry_rate,Real Estate and Rental and Leasing_exit_rate,Real Estate and Rental and Leasing_total_employment,Real Estate and Rental and Leasing_total_job_creation,Retail Trade_entry_rate,Retail Trade_exit_rate,Retail Trade_total_employment,Retail Trade_total_job_creation,Transportation and Warehousing_entry_rate,Transportation and Warehousing_exit_rate,Transportation and Warehousing_total_employment,Transportation and Warehousing_total_job_creation,Utilities_entry_rate,Utilities_exit_rate,Utilities_total_employment,Utilities_total_job_creation,Wholesale Trade_entry_rate,Wholesale Trade_exit_rate,Wholesale Trade_total_employment,Wholesale Trade_total_job_creation
11001,District Of Columbia,2011,52.18%,8.95%,22929,6291,36.08%,17.31%,27415,6972,42.86%,10.71%,204,97,41.47%,10.19%,7917,1992,46.69%,12.77%,12574,3546,42.31%,6.38%,32028,3242,53.26%,14.38%,27433,5272,52.59%,7.95%,44147,11279,40.44%,11.49%,15722,5382,92.25%,16.90%,426,381,47.67%,10.72%,3514,1203,62.50%,18.75%,39,28,77.30%,43.37%,241,201,42.41%,8.39%,64937,20502,41.61%,9.31%,82088,25232,98.92%,14.29%,182630,4210,54.28%,9.23%,13623,4797,47.81%,11.43%,10573,9302,45.27%,12.33%,9628,4169,55.36%,14.29%,2363,1445,54.50%,14.50%,3975,1360
11001,District Of Columbia,2012,8.57%,13.34%,22638,2342,6.12%,19.50%,26088,2276,12.05%,16.87%,207,20,8.08%,16.42%,7836,369,5.94%,18.92%,12534,613,7.38%,10.46%,31626,787,7.55%,19.54%,27218,13527,6.01%,17.38%,44764,2097,7.54%,19.91%,14852,1591,12.03%,22.56%,324,4825,8.33%,15.99%,3332,685,14.29%,21.43%,38,3,13.32%,46.78%,391,180,3.98%,15.42%,69309,2175,6.12%,14.99%,78661,5634,6.35%,4.17%,181687,76,5.39%,13.53%,13126,3208,6.31%,19.11%,15793,487,11.75%,17.89%,9482,129,24.59%,9.84%,3779,40,9.23%,17.92%,3754,252
11001,District Of Columbia,2013,9.25%,11.24%,23229,1758,8.08%,16.18%,24236,2978,5.56%,18.06%,198,20,7.68%,10.92%,7710,610,7.47%,14.16%,12188,965,6.62%,11.35%,31554,851,8.73%,16.89%,37653,2404,10.04%,11.43%,41664,1660,9.02%,14.59%,15565,808,14.78%,19.13%,5269,251,9.01%,13.52%,3624,10545,0.00%,16.67%,32,1,20.15%,48.83%,275,57,3.99%,9.39%,67755,1952,6.55%,12.15%,75911,4179,2.84%,3.04%,183253,19894,6.26%,11.76%,14466,429,7.68%,13.64%,15037,381,9.77%,15.23%,9459,241,13.85%,9.23%,2391,13,7.54%,16.67%,3534,172
11001,District Of Columbia,2014,10.31%,11.18%,23875,7381,7.57%,20.90%,25182,2460,9.23%,12.31%,190,16,8.72%,13.74%,7593,1120,7.37%,14.02%,12403,931,8.09%,10.28%,31802,2778,11.23%,11.08%,39106,1989,4.83%,11.08%,40956,4081,8.87%,14.44%,15110,4489,9.62%,13.46%,5219,10,8.51%,15.48%,13862,1179,9.09%,36.36%,56,49,16.27%,35.16%,208,5780,4.49%,9.55%,63548,6316,7.09%,14.48%,76447,13046,4.20%,0.80%,183221,6000,5.83%,9.98%,13896,1345,7.57%,15.05%,14626,1040,9.27%,15.93%,9294,426,6.35%,4.76%,2393,661,5.99%,15.92%,3352,365
11001,District Of Columbia,2015,7.86%,6.77%,32249,3439,5.93%,15.94%,25129,1115,8.06%,8.06%,196,15,8.82%,7.31%,8539,299,8.91%,7.88%,12477,738,6.32%,4.49%,32464,1646,11.27%,8.49%,41056,2234,5.38%,6.76%,43183,1732,10.04%,7.90%,20313,675,18.02%,13.51%,5172,29,8.05%,8.56%,14614,740,30.00%,10.00%,165,105,27.61%,49.67%,9569,2864,5.17%,4.98%,68181,2653,8.45%,6.53%,83865,5849,5.52%,1.52%,208197,2761,9.53%,5.55%,15212,930,7.55%,8.24%,15063,807,11.11%,9.40%,9250,253,11.76%,7.35%,4212,1142,7.91%,9.25%,3421,167
11001,District Of Columbia,2016,9.88%,11.02%,33469,2188,7.42%,19.20%,24415,1432,19.44%,15.28%,212,40,12.20%,10.03%,8458,654,10.66%,14.15%,12242,830,7.35%,6.32%,33408,1782,12.37%,13.96%,42495,1259,5.98%,12.27%,44229,3261,9.96%,13.85%,20404,1704,22.76%,21.95%,5295,185,9.90%,14.52%,15169,347,18.18%,36.36%,142,5,48.03%,45.59%,9323,4899,6.99%,10.10%,69724,5252,7.83%,11.53%,82423,7517,4.59%,2.20%,208256,13194,10.77%,10.96%,15716,1179,9.67%,12.75%,15125,861,15.54%,13.75%,9488,250,7.35%,8.82%,4093,147,9.64%,14.84%,3417,263
11001,District Of Columbia,2017,16.71%,7.91%,35004,4248,14.41%,19.03%,24722,1776,24.39%,14.63%,293,89,16.33%,8.78%,9010,741,12.97%,12.03%,12065,721,10.68%,6.56%,34968,956,19.78%,12.25%,28906,2026,15.65%,8.63%,45424,3064,14.81%,10.23%,19250,864,24.41%,19.69%,5159,58,15.06%,9.33%,15213,435,22.22%,0.00%,42,13,58.79%,60.64%,12248,7310,11.25%,7.30%,73530,5234,11.73%,11.01%,87699,7535,4.99%,1.25%,221566,1704,14.07%,9.33%,16153,1673,14.72%,10.58%,15512,1172,19.07%,12.52%,9591,278,11.43%,5.71%,4207,535,16.74%,10.19%,3652,491
11001,District Of Columbia,2018,14.65%,12.68%,36400,2949,18.61%,8.90%,23929,1651,15.66%,6.02%,291,60,13.01%,8.06%,8923,667,12.52%,8.57%,11719,701,7.52%,4.76%,34486,639,16.10%,10.33%,28083,1100,13.99%,7.32%,46713,3072,12.94%,9.70%,18779,966,27.97%,15.38%,5391,192,10.23%,10.71%,4525,264,0.00%,11.11%,37,NaN,58.55%,43.77%,12223,7590,10.03%,7.12%,73039,3665,10.98%,7.84%,84603,6467,4.65%,21.17%,215270,1153,13.90%,7.04%,17252,1618,14.57%,12.06%,15945,1127,17.61%,10.56%,9746,323,9.46%,9.46%,4538,70,12.20%,12.48%,3553,285
11001,District Of Columbia,2019,11.72%,6.25%,35623,2712,14.90%,7.54%,21349,1641,13.04%,9.78%,300,48,10.41%,6.83%,9108,710,11.10%,5.35%,11693,2206,10.00%,4.16%,32132,734,18.83%,13.53%,26570,2364,22.96%,5.49%,52226,7945,10.21%,9.11%,16374,674,18.67%,8.00%,5392,73,9.31%,7.68%,4211,284,11.11%,11.11%,202,168,40.40%,60.29%,11678,4886,9.13%,5.02%,71075,3712,8.80%,6.77%,82068,25697,4.76%,1.45%,190733,772,13.50%,8.11%,17209,1294,8.74%,6.76%,15468,662,13.87%,8.46%,9552,266,5.63%,4.23%,4048,25,11.66%,6.97%,3369,236
24017,Charles County,2011,99.68%,7.91%,1908,1907,99.36%,23.93%,4921,4878,98.39%,8.87%,201,199,99.04%,17.70%,636,634,99.91%,10.71%,4690,4689,100.00%,4.69%,898,898,100.00%,17.57%,825,825,100.00%,11.85%,4873,4873,99.38%,17.39%,372,371,100.00%,31.82%,43,43,99.45%,9.29%,881,880,100.00%,0.00%,8,8,99.81%,53.98%,16,16,99.83%,13.70%,3360,3355,99.21%,12.90%,3537,3525,100.00%,11.76%,810,11,100.00%,14.49%,1097,1097,99.75%,12.06%,2861,2859,98.98%,20.41%,1249,1245,100.00%,16.67%,25,25,100.00%,16.35%,972,972
24017,Charles County,2012,9.12%,17.30%,1838,606,8.25%,23.38%,4358,211,2.59%,13.79%,184,9,4.49%,20.79%,605,34,5.87%,15.82%,4593,218,8.33%,14.39%,911,23,8.51%,24.11%,779,56,6.12%,17.75%,4907,258,9.59%,26.03%,418,21,0.00%,26.67%,28,2,7.26%,19.55%,875,103,0.00%,33.33%,8,2,19.77%,53.43%,12,2,8.06%,18.28%,3203,229,8.83%,16.51%,3188,264,11.76%,14.71%,715,91,9.17%,23.55%,1050,108,8.03%,21.02%,2829,142,19.03%,19.38%,1212,87,0.00%,10.00%,21,NA,11.34%,23.48%,821,52
24017,Charles County,2013,8.36%,8.01%,2274,164,12.91%,12.59%,3566,667,1.96%,10.78%,165,14,7.24%,15.79%,573,25,6.01%,11.58%,4332,226,6.56%,14.75%,861,19,7.05%,12.78%,627,33,6.56%,11.87%,4392,179,12.90%,12.90%,338,59,26.67%,13.33%,30,8,10.13%,6.96%,844,38,0.00%,0.00%,6,NaN,15.02%,71.17%,3,4,7.92%,11.40%,2832,113,9.59%,12.16%,3004,290,9.38%,15.63%,723,7,6.08%,11.03%,894,36,8.46%,13.64%,2580,142,14.71%,11.76%,1131,81,0.00%,11.11%,19,1,6.06%,16.16%,735,32
24017,Charles County,2014,11.63%,10.30%,2657,968,11.64%,28.45%,4018,264,3.19%,20.21%,168,4,12.16%,12.84%,581,88,5.79%,14.29%,4140,741,12.61%,9.24%,865,126,8.33%,21.76%,611,85,7.18%,13.05%,4174,493,12.20%,18.70%,340,50,7.14%,28.57%,26,0,9.82%,12.88%,885,93,0.00%,25.00%,6,NaN,27.69%,36.92%,6,266,7.46%,12.29%,2733,326,10.52%,18.60%,2939,391,3.57%,0.00%,727,3,10.27%,14.45%,881,112,10.08%,13.01%,2506,285,12.50%,11.76%,1083,124,11.11%,11.11%,19,3,8.70%,15.22%,689,25
24017,Charles County,2015,7.88%,8.90%,3300,165,6.54%,20.55%,3237,527,3.85%,15.38%,134,4,9.15%,9.86%,658,42,6.10%,5.45%,4675,185,7.96%,7.08%,790,24,11.52%,7.33%,605,44,8.36%,7.12%,4493,274,12.28%,14.91%,362,35,28.57%,14.29%,13,0,6.54%,6.54%,881,40,0.00%,0.00%,4,NaN,52.07%,39.64%,869,495,8.47%,6.03%,2993,227,9.57%,9.19%,3054,371,9.68%,3.23%,822,24,11.11%,10.32%,941,71,10.10%,8.75%,2728,214,11.11%,7.41%,1143,51,11.11%,0.00%,49,30,8.19%,9.94%,683,42
24017,Charles County,2016,12.25%,11.26%,3355,238,7.64%,23.31%,3403,256,5.80%,11.59%,135,16,17.95%,11.54%,716,97,6.67%,10.64%,4672,179,11.38%,10.57%,754,42,13.17%,14.15%,621,62,8.51%,12.92%,4509,401,16.52%,18.26%,373,75,33.33%,5.56%,32,17,6.58%,13.82%,807,24,0.00%,66.67%,4,NaN,52.49%,29.86%,1315,794,12.46%,14.82%,3129,303,10.55%,11.93%,3267,425,0.00%,3.33%,813,297,14.72%,12.08%,977,96,11.89%,11.56%,2858,356,14.63%,10.54%,1236,129,0.00%,33.33%,40,NA,9.94%,11.11%,677,32
24017,Charles County,2017,12.70%,9.45%,3364,274,14.69%,21.38%,3621,614,17.33%,14.67%,143,23,20.69%,13.79%,763,134,12.44%,9.67%,4781,278,14.06%,10.16%,799,1022,13.73%,12.75%,628,82,18.09%,8.26%,4859,646,20.34%,13.56%,385,63,26.09%,8.70%,40,7,13.91%,11.92%,819,70,0.00%,100.00%,2,NaN,56.94%,37.78%,2186,1335,16.79%,12.17%,3229,527,14.34%,12.54%,3458,418,3.33%,6.67%,823,58,18.31%,10.92%,1028,143,15.77%,14.37%,3088,569,20.12%,12.80%,1304,174,14.29%,14.29%,37,7,8.48%,12.73%,645,40
24017,Charles County,2018,12.26%,16.35%,3325,245,17.98%,16.52%,3431,372,15.79%,10.53%,149,25,18.58%,10.93%,660,103,10.77%,12.50%,4754,272,11.54%,4.62%,1767,78,25.83%,14.17%,696,152,15.66%,11.45%,5135,530,24.26%,11.03%,380,84,27.59%,6.90%,55,16,13.55%,7.10%,805,54,100.00%,0.00%,7,7,65.05%,32.61%,4252,2940,15.75%,13.14%,3388,639,16.57%,11.87%,3616,575,9.68%,25.81%,1100,1,22.32%,14.98%,1039,167,16.32%,14.22%,3451,541,22.28%,16.03%,1374,187,25.00%,0.00%,48,15,14.79%,15.98%,659,66
24017,Charles County,2019,10.74%,6.38%,2956,184,13.37%,10.93%,3394,272,8.11%,12.16%,146,14,8.52%,8.52%,611,44,8.77%,7.23%,4529,181,12.06%,3.55%,840,68,21.97%,11.36%,727,149,13.83%,6.91%,5317,567,14.89%,12.77%,389,52,20.59%,2.94%,93,38,6.45%,7.10%,789,42,0.00%,0.00%,2,NaN,43.94%,42.76%,5287,2355,14.03%,7.71%,3371,377,12.76%,8.03%,3712,389,4.17%,0.00%,819,2238,17.46%,11.83%,1032,133,12.90%,7.44%,3591,266,17.51%,9.81%,1399,139,11.11%,0.00%,47,3,10.69%,6.92%,608,31
24021,Frederick County,2011,84.43%,6.75%,3916,3820,54.20%,10.04%,9803,6598,50.89%,5.18%,1183,787,72.49%,13.11%,1386,1135,79.65%,7.39%,10141,9605,75.85%,6.46%,2367,2272,82.84%,9.67%,3631,3451,80.67%,6.91%,9147,8602,63.03%,10.37%,1190,953,100.00%,10.64%,106,106,78.82%,7.84%,5951,5794,100.00%,0.00%,88,88,84.39%,15.52%,74,70,67.42%,6.63%,6722,5748,68.79%,7.38%,13018,11717,98.18%,9.09%,2328,269,87.68%,9.88%,2570,2411,76.85%,9.16%,5871,5255,74.02%,8.46%,1237,1102,94.74%,5.26%,63,62,86.44%,9.25%,2523,2419
24021,Frederick County,2012,7.61%,17.47%,3899,844,3.71%,27.16%,9478,543,3.63%,17.24%,1175,82,8.72%,14.44%,1317,98,4.70%,19.11%,10118,930,3.87%,13.03%,2424,41,5.74%,21.64%,3655,249,5.54%,19.73%,9432,377,7.18%,23.76%,1198,50,10.87%,34.78%,106,10,4.49%,19.39%,5849,359,0.00%,40.00%,88,NaN,4.85%,34.75%,63,4,4.49%,16.18%,6087,253,6.49%,19.03%,13009,38914,5.66%,11.32%,2316,118,5.28%,20.70%,2480,145,4.80%,21.50%,5762,209,15.13%,16.81%,1461,243,15.00%,10.00%,66,3,6.33%,25.00%,2518,237
24021,Frederick County,2013,7.74%,11.22%,4552,241,6.41%,15.41%,7184,1481,3.00%,10.92%,1241,184,4.56%,12.16%,1387,115,4.71%,11.17%,9300,331,5.73%,10.31%,2416,98,5.61%,29.26%,3440,68,5.81%,11.29%,8315,224,9.06%,14.77%,1014,41,15.63%,12.50%,68,10,6.15%,8.51%,5848,57,0.00%,66.67%,6,NaN,4.79%,87.49%,12,14,5.19%,10.19%,5625,289,7.91%,12.75%,50252,624,2.08%,14.58%,2382,12,4.28%,13.49%,2046,78,7.40%,15.01%,5019,227,9.85%,8.31%,1367,78,10.00%,15.00%,60,31,7.23%,15.29%,2398,243
24021,Frederick County,2014,9.49%,12.25%,4748,1574,7.51%,26.96%,7852,514,3.49%,17.67%,1172,39,7.64%,11.15%,1300,177,4.68%,12.52%,9052,446,6.77%,14.34%,2482,1790,8.97%,13.85%,3195,219,5.61%,13.37%,8223,697,6.88%,19.93%,931,124,16.22%,18.92%,77,12,7.45%,10.82%,5137,720,50.00%,0.00%,5,1,16.99%,34.64%,8,903,5.08%,11.66%,5527,454,6.03%,14.96%,49450,2670,11.11%,2.22%,2103,80,5.91%,13.26%,1849,117,6.40%,14.91%,4753,565,7.79%,16.82%,1344,181,10.53%,15.79%,61,19,5.35%,13.72%,2145,782
24021,Frederick County,2015,7.72%,6.47%,6130,553,3.21%,21.84%,6521,263,5.96%,10.30%,1060,35,6.42%,7.77%,1465,84,4.52%,5.58%,8829,372,6.11%,4.80%,4271,76,6.37%,6.37%,3367,68,6.09%,9.38%,8572,1252,7.63%,5.93%,949,61,11.76%,5.88%,29,0,7.94%,6.70%,5806,152,33.33%,0.00%,10,3,39.21%,34.04%,1858,784,5.73%,7.18%,5632,273,6.88%,9.14%,33297,446,4.35%,2.17%,2493,106,7.98%,8.17%,1873,153,7.76%,9.44%,5169,383,9.18%,5.44%,1435,87,0.00%,0.00%,76,NA,6.78%,9.30%,2836,105
24021,Frederick County,2016,9.58%,7.98%,6340,428,3.89%,25.42%,5713,254,5.40%,12.50%,1060,54,8.75%,14.48%,1498,229,7.43%,11.53%,8987,434,7.63%,5.51%,4277,80,7.38%,14.75%,3362,83,9.08%,11.50%,9948,3442,9.68%,15.32%,983,95,25.58%,20.93%,37,10,7.84%,8.82%,5528,276,0.00%,0.00%,10,NaN,42.34%,37.92%,2305,1124,6.70%,11.94%,5634,441,8.28%,10.80%,11243,1420,4.26%,12.77%,2492,185,9.98%,9.61%,1969,210,7.83%,12.37%,5198,390,8.20%,12.46%,1314,77,5.56%,27.78%,113,7,9.20%,10.20%,2838,144
24021,Frederick County,2017,12.85%,10.40%,6528,474,9.28%,19.61%,5198,543,10.98%,7.80%,1073,103,13.90%,8.14%,1662,182,11.26%,9.10%,8633,759,12.60%,4.72%,3046,141,17.07%,12.27%,3407,256,20.64%,6.50%,12573,1494,17.06%,11.51%,960,161,29.17%,10.42%,60,29,9.98%,7.79%,5609,436,0.00%,0.00%,10,NaN,54.73%,40.15%,3144,1808,13.58%,7.36%,8600,3309,12.08%,9.26%,12002,1118,2.33%,0.00%,2472,NA,16.49%,10.14%,2128,420,14.48%,11.97%,5278,544,17.28%,12.35%,1328,150,7.14%,0.00%,107,8,10.15%,9.90%,2866,141
24021,Frederick County,2018,13.05%,10.48%,6450,514,12.53%,14.90%,5112,435,10.36%,10.08%,1108,98,16.41%,11.76%,1770,242,11.04%,11.04%,9029,364,10.37%,6.30%,3086,113,18.77%,12.35%,3561,210,14.92%,9.00%,11007,1002,18.32%,10.99%,1058,147,35.29%,8.82%,115,56,8.21%,9.66%,5424,123,40.00%,0.00%,15,5,66.98%,30.82%,6271,4435,14.23%,8.93%,8557,674,12.58%,11.32%,12277,909,14.00%,16.00%,2639,15860,20.85%,10.27%,2421,507,13.71%,10.39%,5380,588,18.52%,11.11%,1391,173,22.22%,11.11%,127,22,13.27%,11.14%,2884,144
24021,Frederick County,2019,10.60%,5.12%,6164,2527,10.39%,10.89%,4915,331,6.41%,6.71%,1037,51,11.69%,6.46%,1696,197,8.82%,5.75%,8698,552,9.96%,4.27%,3139,147,11.88%,13.86%,3486,136,14.83%,5.61%,11241,1115,11.87%,10.79%,1024,91,17.33%,12.00%,156,106,4.81%,6.84%,4983,143,28.57%,0.00%,24,9,40.20%,47.13%,7481,3070,10.79%,7.04%,8490,496,9.55%,7.69%,11944,638,8.70%,0.00%,2687,954,13.07%,9.54%,2427,256,9.59%,7.62%,5264,407,12.85%,6.70%,1461,206,11.11%,0.00%,127,14,8.07%,6.11%,2838,105
24031,Montgomery County,2011,70.70%,9.02%,26508,23597,60.66%,20.09%,46417,35374,73.50%,11.29%,739,506,74.51%,10.53%,7725,6360,66.89%,11.92%,34104,27174,77.04%,8.23%,11118,9252,62.89%,15.42%,21897,18841,69.19%,8.46%,54759,45365,65.41%,12.73%,14827,13086,96.31%,17.33%,1171,1141,67.57%,10.61%,15604,14195,71.43%,9.52%,114,100,87.70%,46.97%,188,164,68.56%,10.57%,28993,22139,63.63%,10.11%,80892,66300,99.37%,26.42%,15866,858,57.47%,10.71%,19047,15043,67.09%,13.40%,22053,17998,68.78%,16.52%,5236,4201,76.36%,10.91%,156,124,68.44%,13.53%,9255,7833
24031,Montgomery County,2012,7.06%,17.15%,25340,3213,7.79%,24.42%,40445,4451,7.09%,17.60%,711,42,7.54%,17.00%,7338,321,6.98%,17.24%,31524,2360,7.05%,12.35%,11260,371,8.40%,20.30%,21044,1150,7.29%,17.74%,57403,5705,7.71%,23.05%,12559,596,11.59%,28.35%,1097,74,6.07%,17.95%,15446,848,5.00%,25.00%,111,3,16.42%,50.04%,163,71,6.19%,17.43%,27593,1428,7.33%,16.64%,81739,8376,10.16%,7.81%,15968,233,6.37%,18.24%,18578,1324,6.91%,21.90%,21051,1080,21.20%,21.35%,4857,1057,5.77%,13.46%,143,4,10.16%,22.95%,9062,865
24031,Montgomery County,2013,8.04%,12.02%,27601,793,10.52%,12.88%,40114,9453,6.44%,12.61%,620,27,9.17%,10.08%,6872,350,8.16%,12.63%,30809,928,6.64%,11.54%,10948,540,7.92%,15.53%,19638,765,6.53%,10.33%,56667,1729,9.49%,12.72%,14980,3436,13.36%,12.98%,807,81,7.29%,11.58%,14890,439,0.00%,13.33%,101,8,16.67%,66.34%,155,56,6.59%,10.03%,25522,1357,8.23%,10.32%,76592,4924,7.03%,11.72%,13060,374,6.94%,10.70%,17715,711,8.09%,12.98%,18843,664,13.92%,16.50%,4905,472,11.11%,8.89%,115,11,9.95%,14.17%,8370,489
24031,Montgomery County,2014,8.40%,12.77%,27991,8016,9.05%,26.34%,42915,9998,8.53%,15.88%,582,60,7.27%,13.38%,6896,737,7.33%,14.96%,29807,2268,6.83%,15.00%,11197,1986,9.11%,16.38%,19160,2925,5.53%,12.40%,56848,5656,8.48%,19.00%,17680,2025,15.50%,15.87%,823,1318,5.84%,13.43%,14951,3064,18.75%,18.75%,136,28,23.69%,39.09%,108,4187,5.56%,12.46%,24828,2562,6.95%,16.36%,124321,10885,4.24%,5.08%,12880,5035,7.52%,13.34%,17047,2141,8.28%,14.15%,18507,2486,12.14%,14.16%,4433,742,13.04%,6.52%,102,116,7.86%,16.25%,8029,690
24031,Montgomery County,2015,10.45%,7.13%,35945,2636,3.92%,19.39%,67412,21599,8.06%,9.03%,613,80,10.78%,6.41%,7324,384,7.82%,6.54%,29278,1273,6.94%,3.78%,17337,5007,11.53%,7.62%,21513,1668,6.40%,6.43%,58870,2667,10.01%,6.91%,19266,742,10.59%,9.80%,1822,33,6.87%,5.16%,16471,922,31.58%,5.26%,139,17,41.28%,37.62%,9805,4217,6.26%,6.23%,26165,1352,6.98%,6.44%,131860,9309,7.44%,0.00%,14108,350,8.38%,6.02%,18103,942,8.19%,8.19%,19939,1298,11.80%,7.35%,4729,348,17.31%,5.77%,249,50,7.63%,7.89%,8232,664
24031,Montgomery County,2016,9.84%,11.36%,37513,3181,5.97%,21.43%,54569,4740,10.87%,11.49%,649,87,11.36%,11.86%,7621,662,9.43%,11.36%,31680,3611,7.46%,8.57%,12740,513,10.77%,13.95%,22365,1538,7.24%,11.16%,60037,4724,10.80%,12.90%,19476,1291,15.38%,18.68%,1839,110,8.01%,10.20%,17566,1587,5.26%,21.05%,145,7,48.09%,35.47%,13196,7457,9.00%,11.93%,27071,2449,8.01%,10.10%,135085,6122,3.94%,3.15%,15099,65,8.82%,10.35%,17917,3423,9.65%,14.06%,20634,2052,14.70%,12.87%,4811,2966,10.53%,10.53%,295,23,8.58%,14.89%,8496,830
24031,Montgomery County,2017,14.11%,10.66%,38676,2943,11.03%,20.51%,55713,2814,15.22%,14.63%,704,142,16.64%,10.44%,8070,1045,13.76%,11.33%,32035,2028,11.74%,7.68%,13218,970,15.96%,12.36%,22650,1390,17.18%,8.64%,65521,10728,14.39%,12.37%,19867,838,23.45%,15.52%,1021,221,11.55%,9.70%,17708,988,6.25%,31.25%,116,3,52.21%,36.93%,18045,10114,15.74%,9.95%,28729,4265,11.44%,10.74%,136265,9048,12.14%,4.29%,15053,6721,14.29%,11.11%,20582,1695,15.72%,12.97%,22140,3143,24.14%,15.26%,8345,1628,22.39%,2.99%,547,267,14.22%,13.57%,8739,825
24031,Montgomery County,2018,12.23%,14.94%,39148,2561,15.28%,15.87%,46343,3259,19.44%,15.21%,780,169,14.30%,12.37%,8107,2957,13.82%,11.82%,31377,1579,9.61%,6.20%,13570,832,19.32%,14.65%,23125,1968,14.68%,9.34%,73200,5091,14.57%,12.66%,20232,1033,36.22%,13.39%,1112,171,9.63%,10.40%,17185,657,21.43%,14.29%,100,11,68.08%,32.96%,39211,28198,14.90%,10.82%,29960,3448,11.63%,10.49%,140166,6537,10.67%,20.00%,15932,118,15.32%,10.40%,18942,1781,15.12%,12.93%,22667,1942,21.39%,14.72%,8787,879,10.96%,12.33%,578,60,14.77%,14.84%,8914,599
24031,Montgomery County,2019,14.72%,7.05%,38520,2538,12.37%,13.76%,44629,2131,9.01%,11.41%,727,74,9.11%,8.51%,10097,586,13.99%,8.01%,30545,1958,9.65%,5.23%,13590,781,15.65%,14.92%,22399,1533,15.26%,6.99%,68564,7283,11.63%,11.68%,19091,2704,15.56%,11.99%,1290,269,8.21%,6.95%,17109,1683,0.00%,8.33%,96,NaN,40.85%,47.29%,45931,19303,12.78%,9.97%,29451,2670,8.26%,8.32%,131237,5768,11.11%,13.33%,18953,120,13.64%,9.34%,18554,1384,11.06%,9.00%,20845,1461,15.20%,11.24%,6149,683,25.00%,3.41%,635,130,11.19%,9.72%,8016,622
24033,Prince George's County,2011,76.14%,10.87%,12320,11754,52.20%,25.84%,38372,29514,46.19%,12.38%,394,245,49.60%,18.75%,4194,3241,74.71%,14.74%,34450,32706,56.01%,10.42%,4685,4022,82.53%,19.78%,6564,5936,72.60%,11.97%,30716,27928,54.38%,15.27%,6458,5408,92.68%,21.34%,393,370,74.58%,11.30%,7415,6986,72.22%,5.56%,181,166,80.40%,57.79%,147,138,51.59%,13.01%,22751,16863,57.56%,15.56%,32982,27474,98.18%,9.09%,6820,423,88.37%,17.24%,8909,8357,66.72%,15.70%,18894,16817,71.27%,16.90%,6482,5533,87.50%,9.38%,1048,1044,84.73%,13.07%,10285,9926
24033,Prince George's County,2012,9.78%,15.72%,13379,3270,14.93%,20.29%,33577,1880,8.54%,13.57%,387,28,11.80%,20.37%,4000,376,7.65%,17.50%,32504,1260,10.90%,12.51%,4601,307,9.92%,23.95%,6142,460,10.18%,16.46%,30315,2009,9.63%,22.47%,5880,810,9.93%,30.50%,267,23,9.30%,18.02%,7223,889,0.00%,17.65%,175,2,25.80%,47.93%,149,46,8.74%,16.31%,22045,1674,11.03%,15.71%,31809,3469,8.54%,14.02%,6794,386,8.54%,18.41%,8264,530,9.77%,20.71%,18180,1008,23.21%,17.90%,6517,1055,12.12%,12.12%,1058,12,12.23%,19.58%,10092,524
24033,Prince George's County,2013,7.74%,14.57%,15032,532,10.97%,14.28%,29761,6734,7.03%,8.11%,352,45,10.87%,13.44%,3901,231,7.94%,14.21%,30097,1153,9.05%,15.16%,4701,146,10.38%,16.74%,5026,345,7.02%,12.99%,29237,1647,10.72%,17.30%,5859,486,16.24%,23.93%,260,39,8.62%,12.12%,7544,277,12.50%,25.00%,158,1,21.00%,72.36%,114,10,7.93%,12.46%,20505,1108,10.31%,13.47%,31294,3506,2.08%,10.42%,6806,716,7.58%,14.95%,7467,527,8.90%,15.31%,16586,863,13.67%,16.48%,6711,940,9.38%,15.63%,1063,18,8.48%,14.30%,9354,328
24033,Prince George's County,2014,11.06%,12.07%,14016,4372,9.57%,28.56%,34472,2422,9.52%,13.76%,385,24,8.72%,16.30%,3960,541,8.13%,15.09%,29022,1665,7.92%,9.95%,4530,1403,11.92%,21.12%,4917,740,6.80%,12.54%,28254,3092,10.17%,19.07%,5884,696,21.93%,23.68%,215,54,7.36%,15.88%,7358,856,7.69%,15.38%,153,8,30.59%,40.42%,61,2057,6.77%,12.78%,19621,1711,8.90%,17.14%,31306,4565,6.52%,2.90%,6910,398,8.76%,15.68%,7213,975,9.66%,14.86%,16349,1751,9.24%,15.86%,6644,602,18.18%,18.18%,1077,48,6.82%,16.58%,8966,558
24033,Prince George's County,2015,11.55%,7.53%,19193,3684,5.68%,14.50%,30483,1410,9.50%,6.70%,389,62,12.76%,7.20%,4337,311,9.79%,6.96%,29150,1189,11.48%,5.35%,6002,704,12.34%,6.96%,4867,420,8.21%,7.85%,29599,2010,11.00%,7.87%,6042,259,12.12%,11.11%,97,207,9.64%,5.69%,11276,350,15.38%,0.00%,158,3,49.27%,36.45%,6361,3273,8.08%,6.26%,20382,1921,9.21%,7.18%,32737,2200,2.90%,1.45%,7639,103,10.95%,7.34%,7587,568,9.84%,8.89%,17250,1116,12.30%,6.92%,6853,679,15.63%,6.25%,1133,25,7.73%,6.18%,9035,414
24033,Prince George's County,2016,10.17%,10.84%,21672,1377,7.26%,19.71%,29738,1654,10.75%,12.37%,417,66,15.04%,15.84%,4453,609,11.08%,11.69%,29501,1850,11.11%,7.44%,6366,2664,14.58%,17.07%,5130,1169,8.87%,11.93%,29338,2698,13.67%,14.04%,6433,594,19.82%,20.72%,360,24,10.39%,11.67%,7890,569,7.14%,7.14%,159,3,51.61%,40.04%,9803,5876,10.33%,13.56%,21700,3200,9.21%,11.75%,32430,2940,6.21%,4.83%,7768,18851,12.32%,13.29%,7684,1511,11.13%,14.51%,17470,1675,12.87%,13.17%,7169,711,16.67%,11.11%,1046,44,8.54%,16.21%,9139,369
24033,Prince George's County,2017,15.46%,10.09%,22203,2006,12.97%,18.79%,29132,2730,12.83%,11.23%,413,57,17.64%,12.77%,4829,615,15.32%,11.80%,30350,2515,12.23%,7.26%,8710,571,20.50%,15.59%,5546,785,17.49%,8.48%,32264,3988,18.00%,13.99%,6494,581,32.56%,17.05%,401,71,12.84%,11.81%,8144,376,18.75%,18.75%,174,16,56.45%,34.97%,13346,8027,16.20%,10.65%,24164,3560,13.76%,12.50%,33953,5211,6.12%,1.36%,8129,0,18.90%,13.17%,9007,1529,17.08%,12.45%,18335,2167,22.94%,15.46%,7619,1368,13.51%,8.11%,1074,80,13.20%,11.15%,9601,1134
24033,Prince George's County,2018,16.48%,12.85%,23056,2135,17.50%,16.65%,28793,2974,17.00%,8.50%,456,79,21.88%,12.99%,5050,737,18.13%,12.72%,30520,1784,9.83%,7.90%,9798,491,26.52%,17.08%,5983,1055,16.36%,10.92%,34106,4162,19.57%,15.89%,6757,733,52.68%,12.05%,528,325,13.85%,11.73%,7833,684,0.00%,15.38%,159,NaN,67.78%,36.97%,29914,21448,18.32%,12.16%,25087,4305,15.54%,11.06%,36078,3839,9.38%,19.38%,8521,0,22.50%,12.86%,9342,1459,17.09%,14.47%,18782,2028,23.81%,13.76%,8311,1500,22.73%,4.55%,1157,42,16.56%,12.04%,9818,551
24033,Prince George's County,2019,11.81%,8.37%,22554,1525,12.40%,9.57%,26996,1975,7.11%,6.09%,414,44,12.50%,10.49%,4927,472,16.00%,8.19%,29085,1774,10.53%,3.91%,9797,572,21.13%,12.55%,5688,896,22.48%,5.84%,39454,8155,16.11%,9.68%,6472,462,30.14%,13.12%,928,423,8.64%,8.06%,7840,476,0.00%,9.09%,155,NaN,47.01%,40.34%,36976,17752,15.52%,9.07%,25180,3487,11.06%,6.96%,35503,3369,11.03%,11.72%,8395,329,15.76%,10.08%,8997,929,12.72%,8.47%,18213,1637,16.87%,9.38%,8461,1282,39.13%,7.25%,1183,99,12.60%,10.40%,9813,939
51013,Arlington County,2011,87.28%,9.80%,5953,5841,46.72%,13.55%,9807,7747,38.64%,15.91%,68,32,50.85%,9.32%,1100,834,77.43%,11.15%,3448,3243,44.97%,8.04%,7774,7198,89.70%,8.61%,3195,3079,76.88%,6.82%,7527,7053,66.06%,7.65%,4443,4161,100.00%,12.00%,228,228,77.34%,10.55%,2223,2150,100.00%,50.00%,0,0,84.42%,33.96%,53,51,65.48%,6.80%,9159,8162,62.39%,7.52%,28496,26357,100.00%,30.65%,18851,146,92.04%,7.71%,4918,4787,71.41%,10.26%,3226,2837,75.89%,10.28%,1213,1121,85.19%,3.70%,884,880,90.13%,11.78%,1168,1129
51013,Arlington County,2012,9.63%,10.96%,5672,11794,10.46%,18.26%,9942,1673,13.95%,13.95%,62,7,12.88%,11.78%,1294,100,8.73%,15.28%,3163,100,6.70%,14.43%,7065,95,11.95%,17.02%,3254,228,8.41%,13.57%,7773,274,11.95%,14.60%,4512,338,19.75%,11.11%,229,22,8.13%,13.41%,2317,129,33.33%,33.33%,0,0,20.84%,38.94%,46,2,5.39%,15.11%,9147,1209,10.04%,12.44%,28079,2500,15.69%,1.96%,18843,310,7.29%,13.19%,3936,212,9.24%,16.35%,3230,161,18.35%,17.99%,1251,97,18.75%,9.38%,903,19,14.02%,15.58%,1202,169
51013,Arlington County,2013,9.47%,11.28%,17264,261,6.50%,14.22%,7597,2734,7.50%,15.00%,61,5,6.96%,10.43%,1206,80,4.90%,13.32%,3153,520,7.58%,10.39%,7102,46,8.33%,13.59%,3345,657,4.51%,10.00%,6916,474,8.48%,10.88%,4478,202,9.88%,12.35%,230,21,6.31%,10.81%,2265,157,0.00%,0.00%,2,NaN,8.77%,40.10%,19,7,4.38%,7.33%,9532,457,7.67%,8.69%,27096,1966,3.85%,17.31%,18843,473,5.54%,11.91%,3777,153,6.99%,9.61%,3168,220,11.72%,15.63%,1164,52,14.71%,5.88%,911,11,5.59%,14.69%,1251,37
51013,Arlington County,2014,7.49%,13.73%,17394,2067,7.69%,34.57%,9846,456,12.82%,33.33%,62,20,6.89%,19.46%,1244,347,6.92%,23.72%,2986,558,8.88%,20.06%,7109,554,7.18%,20.78%,3927,785,5.22%,14.43%,7126,826,6.50%,24.83%,4413,866,10.26%,26.92%,195,25,9.50%,19.00%,2275,199,0.00%,50.00%,2,55,11.21%,50.86%,22,1774,3.54%,13.29%,9380,1618,7.67%,19.93%,27347,5280,4.44%,8.89%,18842,152,6.14%,16.37%,3695,398,8.11%,20.41%,4316,1442,5.70%,19.30%,927,72,3.13%,12.50%,907,54,4.28%,30.35%,1144,67
51013,Arlington County,2015,9.38%,6.09%,19355,471,4.36%,15.78%,9364,545,10.71%,10.71%,66,13,7.93%,7.59%,1504,69,7.20%,9.40%,3285,1876,7.57%,5.59%,7715,170,10.09%,8.07%,4582,346,6.71%,5.93%,7772,240,7.66%,8.70%,5080,164,10.94%,4.69%,129,1,7.29%,6.77%,2396,3752,66.67%,0.00%,64,9,22.52%,40.58%,2721,692,5.49%,3.60%,10721,447,7.86%,5.74%,31062,3466,4.65%,0.00%,19274,6304,6.71%,4.58%,3835,126,8.19%,6.87%,4397,430,10.68%,6.80%,955,134,3.57%,3.57%,938,21,7.73%,3.61%,983,78
51013,Arlington County,2016,7.56%,9.97%,19443,555,7.15%,22.52%,9268,388,13.79%,13.79%,88,25,12.38%,12.38%,1574,162,8.65%,14.89%,4860,333,6.21%,8.50%,7747,159,8.89%,16.00%,4228,149,6.31%,11.06%,7659,1898,6.53%,13.47%,5054,153,12.86%,20.00%,143,16,10.40%,13.37%,6000,2757,0.00%,0.00%,66,2,30.07%,52.16%,2320,931,8.74%,9.31%,11337,4687,8.28%,10.47%,32672,3306,15.69%,13.73%,19423,3,7.73%,9.94%,3816,189,8.31%,16.48%,4672,261,11.01%,19.27%,1096,90,9.68%,9.68%,950,10,9.27%,17.07%,967,78
51013,Arlington County,2017,11.67%,10.88%,19539,741,13.23%,22.03%,8915,484,7.14%,17.86%,65,6,18.84%,11.25%,1674,245,18.09%,11.87%,2935,252,10.26%,8.33%,7926,215,22.43%,10.91%,4238,286,18.11%,8.24%,9537,895,13.63%,14.05%,5072,389,18.84%,11.59%,183,64,12.32%,10.34%,8673,117,0.00%,0.00%,38,1,53.64%,47.68%,2768,1626,14.63%,9.25%,14519,917,13.02%,10.16%,33839,2656,13.73%,0.00%,19254,74,14.14%,10.83%,3862,374,13.93%,10.52%,4653,297,17.84%,14.08%,1085,90,12.50%,12.50%,958,13,16.26%,12.81%,928,107
51013,Arlington County,2018,12.13%,12.75%,18210,688,18.33%,13.79%,8448,540,36.11%,16.67%,63,21,13.91%,9.47%,1738,182,13.60%,10.15%,2459,229,11.76%,4.64%,8252,443,20.18%,13.58%,4365,324,16.82%,8.23%,8865,876,10.72%,9.41%,4947,157,32.18%,14.94%,182,10,12.14%,14.08%,8679,64,25.00%,0.00%,46,12,71.72%,50.36%,5638,4215,11.19%,8.45%,10742,891,10.91%,8.30%,32496,3697,8.93%,25.00%,18145,5274,15.77%,10.09%,3975,458,12.45%,13.46%,3536,561,21.12%,12.07%,1077,111,10.00%,26.67%,1088,146,14.08%,9.71%,1061,193
51013,Arlington County,2019,9.37%,6.79%,15873,541,12.05%,8.00%,8378,272,23.08%,15.38%,84,34,12.00%,6.86%,1764,157,12.41%,8.52%,2416,349,15.99%,4.88%,8463,466,10.25%,10.44%,4568,684,11.63%,6.57%,9045,696,11.02%,11.02%,4055,202,15.73%,12.36%,241,59,9.64%,9.64%,4874,62,0.00%,0.00%,34,NaN,35.52%,64.48%,4453,1613,10.28%,5.21%,11073,633,8.78%,5.57%,32482,3293,20.75%,0.00%,10492,1215,24.82%,6.29%,4270,756,11.42%,6.82%,3629,668,11.26%,5.19%,982,73,75.56%,1.11%,1161,203,12.21%,5.16%,1029,80
51059,Fairfax County,2011,82.68%,1.08%,12719,7220,56.41%,0.69%,28492,13380,47.73%,0.00%,274,191,56.78%,0.67%,6224,4842,76.19%,0.54%,27228,11541,58.92%,1.47%,6791,2992,76.39%,1.57%,16450,3268,76.11%,0.86%,23676,11973,55.83%,0.44%,25550,3833,96.04%,0.00%,1002,1037,64.80%,0.91%,14118,3063,71.43%,0.00%,88,13,71.25%,25.00%,0,7,60.94%,0.55%,17372,9317,59.83%,0.42%,102061,36734,94.83%,1.72%,10334,363,81.86%,0.79%,7096,4676,69.72%,1.11%,14989,6335,76.45%,0.93%,4509,3064,70.97%,0.00%,353,153,70.53%,0.70%,7867,2458
51059,Fairfax County,2012,7.83%,1.34%,12733,2163,11.23%,0.87%,28804,1992,7.29%,0.00%,292,11,9.29%,0.93%,6793,200,6.85%,0.75%,28039,7388,8.62%,0.42%,6703,282,9.59%,1.54%,16681,490,7.49%,1.29%,24545,1581,10.87%,0.59%,27428,3341,17.21%,0.82%,1126,58,7.58%,0.72%,14890,1442,7.14%,0.00%,88,2,21.33%,45.33%,0,0,6.01%,1.09%,17914,4978,9.92%,0.38%,108842,12843,5.00%,5.00%,10370,616,7.52%,1.22%,7197,285,7.73%,0.84%,15729,965,16.27%,0.64%,4349,288,9.38%,0.00%,351,8,8.09%,0.66%,8123,325
51059,Fairfax County,2013,9.70%,1.01%,15175,977,7.55%,0.46%,29756,3140,9.52%,0.00%,299,28,7.56%,0.58%,6888,224,5.75%,0.45%,35142,1031,7.39%,0.79%,6832,755,6.37%,0.85%,16632,1371,6.31%,1.19%,25862,1247,7.84%,0.65%,29266,1001,12.69%,0.00%,1146,47,7.29%,0.13%,16008,754,0.00%,0.00%,6,4,17.78%,55.56%,0,7,4.75%,0.68%,22453,783,7.88%,0.24%,112615,14169,1.72%,1.72%,10370,305,5.80%,0.72%,7428,421,6.35%,0.99%,14014,770,10.71%,1.16%,4623,520,5.88%,0.00%,358,3,6.33%,1.04%,8230,377
51059,Fairfax County,2014,9.53%,1.96%,16562,23963,9.17%,0.77%,32691,4150,12.50%,0.00%,352,1493,8.42%,0.27%,7074,1064,6.71%,1.02%,32300,1604,7.04%,1.20%,7596,1921,7.93%,0.79%,17890,2528,6.54%,0.62%,26406,7114,8.02%,0.26%,30130,2858,7.59%,1.38%,1191,191,6.94%,0.25%,12957,4094,6.25%,6.25%,5,33,42.86%,34.29%,0,75,5.11%,0.92%,22784,2247,8.32%,0.55%,120701,32260,3.45%,1.72%,10374,697,6.67%,1.16%,8203,1345,6.98%,1.26%,16734,1592,15.56%,0.86%,4985,959,10.00%,2.50%,370,232,6.88%,0.59%,8277,1439
51059,Fairfax County,2015,7.03%,0.56%,41034,3190,5.32%,0.59%,36345,2824,7.09%,0.00%,1858,46,10.95%,0.36%,8433,425,6.23%,0.27%,34005,899,7.53%,0.09%,9815,928,7.90%,0.40%,23664,582,5.74%,0.62%,36288,3532,8.59%,0.23%,51438,20688,13.58%,0.00%,1301,52,6.98%,0.36%,15491,493,6.67%,0.00%,10,1,39.47%,31.58%,227,93,6.19%,0.31%,25461,968,7.83%,0.16%,157729,66923,5.00%,0.00%,15662,10,7.40%,0.46%,9269,7865,7.89%,0.78%,16768,1896,9.30%,0.11%,5873,286,4.88%,0.00%,616,6,5.60%,0.00%,9841,538
51059,Fairfax County,2016,7.81%,0.86%,44090,1838,6.36%,0.68%,38997,2681,10.42%,0.00%,1921,33,9.69%,0.76%,8710,569,8.15%,0.68%,34772,1100,7.75%,0.32%,10484,4031,9.18%,1.28%,24183,2342,6.43%,0.43%,36330,4077,7.59%,0.36%,38134,2047,15.10%,0.52%,1333,68,6.89%,0.11%,17040,766,11.76%,0.00%,10,13,49.06%,30.19%,346,181,7.15%,0.94%,26563,1823,7.38%,0.32%,227176,20717,6.25%,0.00%,16726,9,7.55%,0.32%,21036,4623,8.20%,0.72%,18715,1086,9.61%,0.51%,6061,1051,6.82%,0.00%,608,19,6.18%,0.44%,10872,1685
51059,Fairfax County,2017,11.90%,1.74%,31112,9113,11.91%,0.59%,42730,4635,18.75%,0.00%,2058,143,13.54%,0.86%,9405,1434,11.34%,0.50%,36052,1563,8.92%,0.07%,14488,724,15.34%,0.79%,23297,1502,15.83%,0.32%,41253,5777,12.82%,0.44%,40529,3681,20.75%,0.00%,1456,349,11.49%,0.19%,17802,1008,5.56%,0.00%,10,7,73.61%,13.19%,936,709,13.44%,0.72%,29163,3607,10.05%,0.27%,209139,14091,4.48%,0.00%,16883,124,13.82%,0.51%,22130,1058,13.52%,0.98%,19991,1458,20.73%,0.57%,7513,671,10.20%,0.00%,572,20,10.32%,0.23%,12068,1131
51059,Fairfax County,2018,11.20%,1.89%,32059,2213,13.69%,0.49%,42085,2704,20.00%,0.00%,2101,156,13.55%,0.67%,10525,1190,11.85%,0.54%,34383,1611,8.75%,0.53%,11499,583,15.36%,0.63%,24388,1343,18.68%,0.38%,42431,4521,11.02%,0.40%,42529,6472,24.37%,0.32%,2633,1124,9.15%,0.89%,18419,796,5.26%,0.00%,15,3,84.38%,4.63%,5520,4706,12.30%,0.65%,31532,2341,8.38%,0.34%,201897,10639,22.09%,10.47%,17201,12,14.32%,0.88%,22990,1112,13.33%,1.13%,21043,1486,15.18%,0.49%,8849,606,10.91%,0.00%,584,50,11.56%,0.76%,12489,790
51059,Fairfax County,2019,13.03%,0.78%,31948,3893,9.44%,0.33%,44571,4771,10.48%,0.00%,2087,74,7.86%,0.69%,11431,465,9.28%,0.45%,34553,1246,8.15%,0.68%,12403,1404,10.43%,0.72%,21033,1153,9.23%,0.49%,44054,4287,9.78%,0.41%,40649,1310,12.01%,0.28%,2199,143,9.16%,0.81%,18914,599,13.64%,0.00%,24,12,28.95%,4.45%,7330,2129,8.60%,0.56%,32155,1900,6.59%,0.28%,198862,17976,16.30%,1.09%,17604,128,11.69%,0.71%,23646,953,9.44%,0.62%,21808,1281,8.60%,0.38%,9229,500,15.38%,0.00%,641,69,6.90%,0.20%,12848,578
51107,Loudoun County,2011,75.46%,6.66%,4378,4100,31.98%,12.37%,15032,8889,35.56%,5.78%,641,353,49.43%,5.32%,2143,1695,66.42%,7.43%,14485,13521,55.13%,6.47%,1781,1480,69.64%,8.61%,3867,3316,71.72%,6.26%,7999,7042,51.40%,8.78%,10307,9699,98.72%,5.77%,410,408,73.39%,8.04%,4370,4120,80.00%,0.00%,43,38,75.80%,36.75%,29,19,51.72%,7.47%,6822,4990,50.97%,4.96%,31034,26396,100.00%,11.11%,697,17,69.07%,8.60%,3368,2758,61.10%,8.41%,5830,4744,62.74%,7.06%,4742,4250,68.97%,0.00%,156,140,76.14%,7.30%,3422,3158
51107,Loudoun County,2012,12.67%,9.59%,4260,1480,9.30%,16.08%,14077,579,10.17%,14.53%,663,46,11.41%,14.26%,2231,206,7.33%,12.29%,14577,818,10.54%,7.53%,1910,179,8.78%,18.20%,3844,223,10.45%,12.48%,8224,610,8.75%,15.96%,10179,290,11.59%,17.68%,413,32,9.06%,10.83%,4257,223,9.09%,0.00%,45,5,20.67%,46.31%,38,24,8.00%,12.15%,6951,447,10.73%,9.63%,30783,2593,17.95%,12.82%,705,115,9.77%,15.35%,3422,251,9.00%,14.66%,6314,490,13.26%,13.91%,4479,474,0.00%,17.24%,156,3,14.34%,13.61%,3472,265
51107,Loudoun County,2013,8.53%,9.79%,5899,485,6.68%,12.73%,12545,3511,4.90%,10.78%,596,23,6.27%,10.98%,2207,301,5.28%,11.25%,14490,408,6.93%,10.17%,1925,146,6.10%,12.83%,3523,142,7.34%,10.67%,7896,427,6.82%,11.65%,10266,140,8.90%,9.59%,372,46,6.73%,7.85%,4287,154,0.00%,0.00%,48,NaN,10.07%,53.53%,34,16,6.30%,10.97%,6773,402,8.72%,7.98%,31611,3653,8.11%,13.51%,712,1099,4.57%,12.23%,3177,221,6.84%,12.74%,5964,281,7.56%,11.76%,4308,264,8.00%,4.00%,141,4,7.33%,10.21%,3394,250
51107,Loudoun County,2014,9.39%,13.89%,6336,2442,7.57%,34.26%,15378,1049,5.84%,16.84%,586,23,7.19%,17.66%,2327,299,6.32%,19.36%,14246,633,11.70%,14.68%,2238,777,4.09%,26.88%,3287,304,7.17%,14.02%,7767,3276,7.59%,24.55%,13258,4629,7.04%,28.17%,386,35,7.39%,13.45%,4054,1025,8.33%,25.00%,50,5,14.20%,46.27%,34,1625,7.27%,15.78%,6693,389,9.10%,19.84%,40965,10933,3.03%,6.06%,719,2,8.64%,23.03%,3083,282,9.07%,19.84%,5929,1011,10.14%,18.00%,4570,792,11.11%,18.52%,149,11,5.91%,19.64%,3323,509
51107,Loudoun County,2015,9.27%,3.44%,8827,665,3.95%,14.23%,12596,521,8.11%,7.72%,561,54,9.75%,4.99%,2553,160,5.49%,5.49%,14163,576,7.62%,3.23%,2786,135,10.27%,7.58%,3264,184,7.01%,5.20%,10770,618,10.25%,4.42%,14493,265,15.25%,1.69%,221,6,10.06%,4.34%,6218,275,0.00%,0.00%,46,NaN,34.05%,38.20%,3004,1107,9.32%,3.90%,6840,628,9.09%,3.81%,42729,2823,3.13%,0.00%,786,9,7.71%,5.85%,2906,237,7.79%,6.50%,6391,413,10.64%,6.57%,4828,279,12.00%,0.00%,159,16,6.42%,4.65%,3484,150
51107,Loudoun County,2016,11.49%,8.83%,9420,917,5.04%,23.07%,12120,639,7.75%,9.30%,600,71,9.91%,11.64%,2609,216,7.67%,10.64%,14153,630,7.69%,5.71%,2800,142,10.41%,13.98%,3319,426,8.84%,10.03%,10268,982,11.18%,13.98%,14500,237,11.36%,14.39%,299,1181,5.59%,10.21%,6229,147,10.00%,30.00%,48,2,33.46%,45.06%,2995,1243,10.53%,11.33%,7334,712,8.90%,8.73%,44511,3120,20.00%,2.50%,877,200,9.72%,12.50%,3142,316,9.74%,11.05%,6593,705,10.49%,11.24%,4996,283,0.00%,26.92%,161,NA,8.59%,12.73%,3908,671
51107,Loudoun County,2017,14.51%,10.88%,9705,957,10.18%,23.66%,11693,3885,17.89%,12.28%,710,171,17.21%,12.96%,2732,322,14.18%,9.72%,14608,792,18.04%,6.91%,3113,424,18.36%,15.59%,3618,360,20.74%,7.93%,11557,2087,16.85%,13.20%,14542,455,15.67%,11.19%,1420,20,9.85%,11.39%,6140,255,36.36%,9.09%,51,13,54.25%,52.67%,3817,2168,14.92%,9.91%,7623,960,11.96%,10.33%,41411,2949,13.33%,0.00%,1028,119,19.51%,12.31%,3478,599,18.48%,10.90%,7325,1024,18.31%,10.40%,5048,398,13.64%,13.64%,181,186,10.30%,9.98%,3810,222
51107,Loudoun County,2018,15.67%,10.19%,9880,1055,13.40%,14.09%,13776,1376,14.09%,8.59%,715,86,16.67%,8.72%,2850,329,11.23%,8.98%,14570,446,11.78%,3.80%,3270,352,21.15%,12.09%,3634,402,17.18%,7.11%,11583,1438,14.58%,11.13%,11705,533,24.03%,18.83%,767,44,11.88%,7.47%,6258,756,0.00%,10.00%,49,1,75.12%,55.27%,8199,6359,12.58%,8.77%,7598,793,11.33%,7.13%,34235,2793,6.25%,18.75%,1158,153,18.97%,12.00%,3602,531,14.14%,10.04%,7382,733,19.15%,7.59%,5351,617,13.64%,4.55%,335,28,12.52%,10.23%,3907,534
51107,Loudoun County,2019,10.39%,5.46%,9741,808,10.90%,6.69%,11456,1047,13.03%,3.58%,709,90,11.26%,6.94%,2855,295,11.16%,5.26%,14481,558,9.56%,4.95%,3431,522,13.05%,7.38%,3601,247,12.62%,5.64%,11843,1377,13.15%,6.88%,11729,470,15.44%,6.71%,389,76,7.68%,4.41%,6602,384,0.00%,11.11%,48,NaN,37.22%,67.09%,5882,2232,12.21%,4.07%,7727,864,8.51%,4.00%,34592,3246,7.14%,0.00%,1117,180,12.17%,6.30%,3671,369,10.44%,6.30%,7346,619,9.86%,5.41%,5415,327,25.00%,14.29%,369,23,9.13%,3.72%,4269,425
51153,Prince William County,2011,71.33%,7.89%,3669,3306,34.55%,15.62%,13617,7698,44.60%,6.47%,295,186,46.85%,9.37%,1934,1451,66.17%,8.50%,16799,15288,54.68%,8.15%,1852,1527,72.83%,9.25%,2144,1721,73.73%,7.10%,8514,7743,44.98%,9.06%,1524,946,100.00%,11.86%,120,120,69.18%,8.55%,3629,3394,71.43%,14.29%,27,23,79.85%,44.86%,23,15,51.29%,8.09%,7009,4753,49.09%,6.95%,14050,10608,96.43%,28.57%,1122,66,72.75%,9.37%,3181,2708,61.72%,10.14%,6595,5445,53.76%,7.02%,3083,2397,83.33%,4.17%,503,495,76.18%,10.45%,2500,2249
51153,Prince William County,2012,10.38%,11.44%,3469,1192,9.11%,16.87%,12397,626,9.15%,10.56%,296,15,9.79%,14.97%,1847,114,7.27%,13.33%,16633,736,8.39%,10.55%,1944,206,10.50%,19.61%,2161,214,9.43%,15.41%,8692,488,13.17%,16.51%,1555,104,10.53%,21.05%,115,12,10.94%,14.84%,3626,301,0.00%,33.33%,25,NaN,20.17%,48.79%,20,1,9.71%,14.16%,7599,611,11.27%,11.00%,14342,1217,13.04%,13.04%,1112,2889,9.02%,14.78%,3180,273,9.77%,17.11%,6585,407,17.89%,13.22%,3284,294,4.17%,4.17%,501,8,12.89%,14.79%,2598,271
51153,Prince William County,2013,10.16%,8.24%,4749,511,7.47%,13.60%,10801,2703,5.30%,6.06%,264,21,7.93%,10.44%,1785,207,5.42%,13.46%,16062,623,6.78%,13.07%,2042,45,7.16%,15.52%,1832,108,7.75%,8.15%,8111,373,9.66%,14.66%,2558,1182,20.00%,14.55%,109,22,9.13%,9.75%,3752,117,20.00%,0.00%,22,1,12.66%,64.77%,18,1,7.85%,8.95%,7205,382,7.82%,10.04%,14375,1471,6.98%,13.95%,1103,2,5.16%,14.50%,2903,179,8.80%,13.25%,6072,325,8.38%,14.40%,2951,199,0.00%,8.70%,507,NA,7.24%,11.23%,2506,169
51153,Prince William County,2014,11.83%,15.70%,5424,2547,8.30%,34.11%,12830,1527,7.46%,20.15%,283,13,9.09%,22.41%,1869,294,6.92%,22.49%,15607,660,7.43%,15.38%,2037,413,5.03%,30.03%,1685,149,8.88%,16.03%,8041,1297,7.65%,24.07%,1380,278,7.84%,35.29%,102,8,7.82%,18.39%,3752,236,16.67%,16.67%,23,1,22.86%,50.85%,14,884,7.04%,17.20%,7332,677,8.11%,23.39%,14579,1376,5.13%,0.00%,1111,0,7.41%,23.61%,2765,220,9.57%,20.65%,5995,866,11.52%,23.39%,2885,245,4.55%,13.64%,500,2,9.91%,22.37%,2508,293
51153,Prince William County,2015,10.75%,4.83%,8265,791,4.81%,15.84%,11020,600,10.92%,10.08%,289,41,12.83%,4.75%,2138,225,7.55%,5.97%,15038,573,7.27%,4.36%,2388,110,8.37%,6.81%,1443,114,7.83%,6.22%,8859,637,7.90%,6.77%,1416,102,12.82%,2.56%,34,6,8.10%,4.29%,3720,128,16.67%,0.00%,29,7,46.90%,37.01%,2237,1115,8.29%,6.40%,7313,485,9.02%,5.60%,14004,1016,7.14%,2.38%,1420,1263,10.23%,5.59%,2557,239,8.90%,7.22%,6297,481,10.76%,3.68%,2794,232,24.00%,0.00%,506,13,5.34%,9.58%,2395,132
51153,Prince William County,2016,10.24%,9.10%,8645,926,6.35%,18.36%,10869,570,11.57%,5.79%,302,46,12.80%,8.24%,2176,219,9.18%,10.75%,15134,797,9.37%,6.61%,2478,8126,11.65%,13.12%,1525,169,10.65%,8.57%,9196,1018,8.41%,9.07%,1456,190,24.00%,8.00%,64,35,8.82%,9.28%,3792,189,0.00%,0.00%,28,NaN,36.43%,41.53%,2429,1103,10.68%,10.44%,7608,890,9.44%,8.83%,14487,1289,8.89%,4.44%,1548,46,11.52%,12.42%,2737,286,10.17%,11.73%,6467,555,11.08%,8.87%,3005,303,3.85%,3.85%,510,178,7.49%,12.73%,2430,163
51153,Prince William County,2017,11.88%,10.01%,9010,990,13.27%,21.25%,10632,1003,15.04%,11.28%,328,67,14.23%,9.76%,2332,365,12.87%,10.60%,15445,894,12.24%,5.73%,10350,213,16.40%,12.83%,1608,266,18.31%,8.09%,10331,1527,16.97%,13.13%,1571,210,24.59%,9.84%,95,33,11.70%,6.84%,3973,178,0.00%,0.00%,28,NaN,53.76%,56.15%,3363,1927,16.53%,11.09%,8403,1359,12.46%,11.58%,15239,1660,10.42%,2.08%,1651,65,18.40%,9.80%,2938,489,18.13%,11.16%,7121,1153,20.59%,12.40%,3325,458,13.79%,3.45%,694,19,13.04%,12.29%,2348,251
51153,Prince William County,2018,13.07%,8.40%,9112,787,14.91%,10.81%,10153,1162,11.19%,5.97%,337,39,15.43%,8.76%,2454,303,13.85%,7.82%,15442,963,11.11%,4.94%,8862,222,15.34%,11.21%,1638,213,14.89%,6.12%,10917,1189,15.42%,10.87%,1622,226,32.93%,14.63%,111,24,8.52%,6.33%,3942,113,0.00%,16.67%,25,NaN,74.92%,51.63%,6501,4984,13.25%,8.05%,8316,978,12.84%,6.94%,15575,2113,11.32%,24.53%,1842,10,15.94%,10.70%,3059,602,13.80%,10.54%,7051,665,21.39%,7.47%,3510,588,26.32%,15.79%,567,54,14.18%,11.64%,2444,202
51153,Prince William County,2019,9.37%,3.47%,8859,734,9.99%,6.77%,10215,1043,10.00%,5.71%,345,45,9.11%,6.45%,2487,233,11.35%,4.88%,15500,873,12.02%,3.63%,8936,247,14.40%,6.62%,1694,235,10.65%,4.88%,11128,1113,12.72%,5.59%,1586,192,17.65%,9.41%,154,48,7.31%,5.59%,3888,207,16.67%,0.00%,25,2,33.33%,66.09%,4754,1610,11.52%,4.54%,8467,868,8.57%,4.28%,16348,1528,4.76%,0.00%,1791,12,12.32%,4.14%,3268,312,11.38%,5.34%,7027,685,12.15%,4.66%,3742,371,20.00%,12.50%,565,22,10.29%,6.99%,2356,159
51510,Alexandria City,2011,99.13%,10.04%,4693,4695,99.10%,12.60%,5730,5713,97.87%,8.51%,83,82,99.30%,7.72%,880,877,99.10%,10.29%,2705,2698,99.35%,6.45%,1523,1522,99.59%,11.48%,1980,1980,99.90%,7.95%,7216,7215,98.41%,10.20%,1658,1650,100.00%,9.62%,107,107,99.53%,10.85%,1725,1724,100.00%,0.00%,12,12,99.47%,33.51%,22,22,99.46%,8.21%,9215,9206,99.08%,6.79%,15147,15112,100.00%,30.77%,2889,200,99.68%,6.52%,2654,2650,98.71%,9.12%,4546,4536,98.75%,8.75%,1586,1582,100.00%,28.57%,71,71,99.70%,10.91%,1605,1604
51510,Alexandria City,2012,7.90%,12.19%,4658,314,8.87%,16.33%,5064,593,2.27%,11.36%,75,3,10.27%,16.10%,986,63,8.40%,14.18%,2528,197,9.52%,9.84%,1578,111,11.57%,12.60%,1924,196,8.07%,11.84%,7315,250,10.86%,16.52%,1609,77,17.54%,17.54%,116,20,9.62%,13.46%,1719,1664,0.00%,20.00%,12,NaN,20.17%,34.73%,23,1,5.16%,12.16%,9095,437,9.26%,11.21%,15493,1449,5.26%,21.05%,3484,0,7.75%,17.25%,2636,180,7.89%,15.05%,4452,164,20.15%,14.29%,1556,209,0.00%,0.00%,82,NA,10.74%,15.03%,1596,77
51510,Alexandria City,2013,6.51%,7.95%,5105,319,5.29%,14.55%,4676,985,2.50%,10.00%,71,4,7.60%,9.13%,887,55,5.91%,14.05%,2402,135,5.96%,9.60%,1614,192,5.62%,12.58%,1905,91,5.74%,8.32%,7177,260,7.07%,14.65%,1576,83,9.80%,15.69%,100,8,8.21%,7.69%,3330,89,0.00%,25.00%,11,1,9.33%,38.86%,21,10,5.11%,7.66%,8975,439,6.57%,10.47%,16190,1753,6.25%,18.75%,3466,NA,4.32%,9.01%,2444,58,5.72%,11.57%,4267,94,11.74%,14.39%,1576,54,0.00%,0.00%,80,1,6.42%,14.86%,1582,63
51510,Alexandria City,2014,8.75%,13.71%,5157,1060,6.59%,35.74%,5097,517,2.70%,24.32%,58,15,5.91%,18.90%,1005,179,4.72%,26.74%,2270,179,6.78%,18.64%,1753,247,5.08%,23.49%,1844,523,5.45%,13.57%,7256,619,8.15%,22.83%,1533,251,10.42%,31.25%,96,14,6.22%,18.13%,3328,124,0.00%,33.33%,12,NaN,10.29%,54.50%,11,1226,3.99%,13.00%,8874,1192,6.87%,19.05%,17785,1947,7.14%,0.00%,3462,73,4.66%,16.12%,2437,162,5.39%,18.01%,4164,276,6.61%,19.42%,1393,183,16.67%,0.00%,69,10,4.20%,23.28%,1489,63
51510,Alexandria City,2015,8.82%,6.30%,6304,414,5.26%,13.28%,4395,249,10.00%,6.67%,64,9,12.24%,8.02%,989,75,6.32%,10.63%,2212,392,5.95%,4.76%,1991,148,5.69%,6.59%,2192,149,6.42%,5.54%,7636,217,10.38%,6.92%,1698,138,17.50%,0.00%,48,36,11.80%,4.49%,3386,64,0.00%,0.00%,11,NaN,22.95%,35.79%,1812,477,5.41%,3.14%,9526,342,8.14%,4.88%,18529,2608,12.50%,0.00%,4770,13,8.14%,6.00%,2485,118,6.94%,5.32%,4259,141,8.41%,7.48%,1418,63,0.00%,0.00%,78,NA,6.45%,9.68%,1432,36
51510,Alexandria City,2016,7.90%,8.89%,6684,429,5.46%,20.24%,4244,184,12.50%,18.75%,62,7,11.38%,14.23%,1025,106,9.59%,18.31%,2486,75,6.59%,10.47%,2022,83,8.75%,16.03%,2329,307,7.53%,9.14%,7677,333,8.92%,16.00%,1720,175,9.09%,15.91%,85,8,9.95%,14.66%,3412,103,33.33%,33.33%,13,2,27.52%,51.68%,1585,627,7.98%,11.69%,9584,431,7.41%,9.95%,20294,1889,15.79%,15.79%,5468,1,8.32%,12.06%,2479,167,7.94%,12.62%,4341,195,14.66%,11.21%,1415,281,40.00%,10.00%,90,13,8.41%,19.16%,1412,106
51510,Alexandria City,2017,12.02%,9.38%,6959,532,11.86%,21.12%,4223,578,18.75%,6.25%,67,19,19.47%,12.60%,1130,196,17.65%,10.88%,2476,193,13.75%,7.06%,2113,147,15.94%,13.91%,2525,128,16.36%,8.75%,7972,617,13.65%,12.38%,1699,143,17.78%,11.11%,82,3,8.43%,14.04%,3329,55,0.00%,100.00%,3,NaN,48.37%,51.96%,1778,970,11.94%,7.99%,9787,727,11.33%,10.68%,21460,10199,11.11%,0.00%,4742,1,13.70%,11.25%,2560,228,13.71%,10.94%,4525,384,23.05%,13.38%,1685,367,10.00%,30.00%,97,7,12.12%,13.13%,1345,53
51510,Alexandria City,2018,12.30%,13.46%,6828,452,16.45%,14.13%,3919,455,25.00%,10.00%,87,29,15.87%,11.44%,1152,156,16.07%,13.30%,2400,147,10.11%,7.58%,2173,154,16.48%,13.07%,1977,147,16.91%,9.28%,8347,663,17.12%,13.21%,1759,128,32.20%,20.34%,87,11,8.43%,7.83%,3202,35,100.00%,0.00%,1,1,73.75%,56.61%,3749,2854,11.12%,8.26%,9826,468,10.72%,8.49%,29762,1046,10.00%,15.00%,4743,8,13.20%,7.80%,2546,228,14.09%,12.76%,4607,388,21.81%,8.05%,1798,150,12.50%,0.00%,84,4,14.00%,14.50%,1303,71
51510,Alexandria City,2019,9.71%,2.91%,6332,447,12.64%,6.49%,3959,379,9.76%,7.32%,89,23,10.11%,8.61%,1088,99,14.01%,6.87%,2117,166,8.87%,5.32%,2211,105,15.57%,7.65%,1887,192,12.77%,7.33%,8536,690,14.71%,9.12%,1740,94,18.97%,10.34%,129,44,10.53%,4.09%,3213,64,0.00%,0.00%,1,NaN,38.78%,69.64%,2646,1051,9.67%,4.91%,9764,501,7.99%,6.58%,29117,1353,22.73%,4.55%,4888,59,10.18%,6.65%,2578,242,8.85%,5.75%,4571,249,10.20%,9.54%,1800,108,0.00%,12.50%,81,NA,9.95%,8.90%,1202,50
51600,Fairfax City,2011,97.19%,9.55%,1693,1690,93.68%,13.51%,2095,2051,90.00%,10.00%,12,11,98.46%,10.77%,252,251,95.07%,8.45%,1310,1292,94.67%,9.33%,348,337,99.52%,10.95%,823,821,97.74%,5.26%,2296,2286,100.00%,9.52%,309,309,100.00%,0.00%,15,15,98.72%,8.97%,269,268,100.00%,0.00%,8,8,97.77%,29.62%,6,6,92.91%,8.40%,2327,2284,97.11%,8.66%,5148,5110,100.00%,8.33%,200,0,98.20%,4.19%,846,843,96.84%,12.63%,2276,2266,95.92%,4.08%,197,193,100.00%,25.00%,7,7,100.00%,9.68%,364,364
51600,Fairfax City,2012,8.09%,12.14%,1665,84,7.94%,14.18%,1915,97,0.00%,55.56%,10,NaN,13.43%,14.93%,248,39,7.19%,12.95%,1160,51,16.25%,8.75%,347,282,6.57%,14.65%,800,41,9.20%,9.20%,2360,125,8.74%,11.65%,331,23,22.22%,22.22%,19,4,10.26%,11.54%,281,19,0.00%,0.00%,8,NaN,18.81%,36.60%,6,0,9.42%,16.75%,2267,79,7.78%,11.04%,5166,318,15.38%,7.69%,200,NA,10.80%,16.48%,867,81,9.52%,12.82%,2285,91,14.55%,20.00%,214,15,0.00%,0.00%,4,NA,10.64%,15.96%,392,39
51600,Fairfax City,2013,10.06%,15.98%,1718,26,5.21%,12.08%,1873,365,0.00%,25.00%,5,NaN,5.00%,15.00%,270,5,6.56%,10.42%,1401,342,6.58%,13.16%,587,28,7.65%,15.85%,768,26,5.76%,8.52%,2326,80,7.07%,9.09%,277,10,22.22%,22.22%,19,4,4.23%,5.63%,269,11,0.00%,50.00%,8,NaN,8.58%,34.70%,6,0,5.62%,11.54%,2149,63,5.80%,8.57%,5025,327,0.00%,8.33%,200,125,3.92%,9.80%,832,19,6.35%,12.30%,2217,86,4.35%,8.70%,209,4,0.00%,0.00%,4,NA,4.88%,9.76%,346,8
51600,Fairfax City,2014,10.13%,8.86%,1742,654,6.03%,29.24%,2172,113,40.00%,20.00%,6,2,7.41%,12.96%,263,25,3.36%,20.17%,1388,79,5.48%,13.70%,621,52,3.75%,18.75%,671,98,5.22%,9.14%,2262,304,5.38%,18.28%,249,175,0.00%,14.29%,16,NA,1.43%,15.71%,270,39,0.00%,0.00%,6,NaN,10.15%,65.48%,1,268,3.56%,15.86%,2124,127,4.92%,13.56%,4971,336,0.00%,0.00%,200,NA,5.52%,15.17%,798,28,5.96%,16.60%,2225,85,8.70%,26.09%,210,21,0.00%,0.00%,4,22,5.06%,22.78%,370,63
51600,Fairfax City,2015,11.59%,6.10%,2456,141,4.56%,13.68%,1973,223,33.33%,0.00%,9,3,11.11%,12.96%,297,24,2.07%,8.81%,1295,8,7.35%,5.88%,667,26,7.19%,5.76%,687,24,6.99%,5.38%,2563,170,0.00%,1.30%,383,NA,33.33%,22.22%,6,1,7.81%,3.13%,302,94,0.00%,0.00%,6,NaN,13.92%,39.24%,393,65,7.17%,4.66%,2123,53,6.26%,4.44%,4926,343,8.33%,0.00%,281,NA,7.52%,7.52%,817,21,8.33%,8.80%,2278,62,8.33%,2.78%,195,6,0.00%,0.00%,26,NA,3.17%,4.76%,365,5
51600,Fairfax City,2016,7.23%,10.84%,2426,2769,4.03%,26.51%,2193,87,0.00%,16.67%,10,NaN,6.00%,14.00%,311,21,5.88%,17.11%,1288,58,8.70%,7.25%,685,26,8.33%,18.06%,719,74,8.29%,11.14%,2688,509,8.43%,13.25%,395,40,12.50%,25.00%,7,6,6.06%,13.64%,365,15,0.00%,0.00%,6,6,42.17%,51.81%,444,241,5.30%,9.89%,2134,133,5.39%,8.58%,4999,547,0.00%,0.00%,283,NA,12.68%,13.38%,843,61,5.71%,10.48%,2272,182,7.69%,12.82%,202,13,0.00%,0.00%,22,NA,1.64%,21.31%,357,8
51600,Fairfax City,2017,11.38%,8.38%,5070,142,11.69%,16.53%,2056,85,16.67%,16.67%,9,2,14.00%,18.00%,294,27,11.43%,8.57%,1239,82,8.57%,5.71%,637,25,12.59%,8.15%,699,51,17.75%,5.52%,3179,784,7.59%,17.72%,346,43,33.33%,22.22%,23,18,3.45%,12.07%,303,4,0.00%,0.00%,12,NaN,54.55%,46.59%,563,329,15.33%,8.00%,2305,451,8.33%,7.83%,5202,279,0.00%,0.00%,282,NA,13.48%,9.93%,831,60,13.08%,9.35%,2327,106,12.82%,12.82%,196,25,25.00%,0.00%,25,7,4.08%,4.08%,305,12
51600,Fairfax City,2018,11.56%,10.98%,2563,141,12.29%,14.41%,1976,42,0.00%,0.00%,8,NaN,21.15%,7.69%,295,40,9.09%,11.36%,1276,35,4.35%,2.90%,643,16,13.89%,11.11%,725,89,18.50%,8.11%,3806,396,12.16%,10.81%,341,72,50.00%,28.57%,32,11,3.70%,9.26%,218,18,0.00%,0.00%,12,NaN,73.30%,57.95%,1197,903,16.16%,7.93%,2629,163,8.37%,7.28%,5165,335,7.69%,7.69%,289,NA,20.13%,16.98%,870,80,13.84%,9.38%,2317,129,8.11%,2.70%,189,5,0.00%,25.00%,24,NA,16.07%,7.14%,315,21
51600,Fairfax City,2019,10.40%,4.62%,2506,136,9.87%,7.62%,1960,72,16.67%,0.00%,15,7,20.00%,0.00%,310,41,7.02%,4.68%,1133,32,2.94%,5.88%,620,12,11.56%,11.56%,815,148,9.11%,5.80%,3512,208,14.47%,7.89%,291,50,23.08%,0.00%,46,14,9.26%,5.56%,221,10,0.00%,0.00%,12,NaN,22.92%,51.04%,647,153,9.52%,7.74%,2665,164,8.97%,5.17%,5150,548,7.69%,0.00%,315,1,7.64%,9.03%,829,32,7.62%,4.93%,2322,77,12.20%,7.32%,208,16,25.00%,25.00%,22,2,3.64%,10.91%,308,10
51610,Falls Church City,2011,94.44%,7.78%,452,450,97.83%,9.06%,662,658,100.00%,12.50%,33,33,96.88%,3.13%,207,206,96.63%,8.99%,554,549,95.83%,16.67%,154,152,98.31%,11.86%,143,141,99.02%,6.86%,1270,1265,96.15%,9.62%,747,744,100.00%,50.00%,4,4,96.77%,3.23%,132,130,100.00%,0.00%,3,3,97.91%,28.27%,0,0,94.17%,7.77%,895,873,98.02%,5.93%,1413,1404,100.00%,0.00%,1,0,98.92%,6.45%,252,250,94.81%,8.44%,895,883,100.00%,8.00%,160,160,100.00%,0.00%,2,2,97.56%,7.32%,175,174
51610,Falls Church City,2012,7.95%,12.50%,454,93,7.81%,18.59%,594,20,12.50%,12.50%,36,2,8.82%,11.76%,206,2,8.05%,14.94%,532,12,9.09%,11.36%,136,4,7.14%,10.71%,143,10,8.65%,8.65%,1272,33,12.96%,12.96%,761,73,66.67%,0.00%,6,4,3.23%,22.58%,136,6,0.00%,0.00%,3,NaN,24.31%,42.54%,7,7,5.56%,11.11%,875,66,8.03%,12.36%,1410,97,33.33%,33.33%,1,13,9.38%,20.83%,259,21,5.41%,15.54%,852,12,11.54%,11.54%,162,6,50.00%,0.00%,3,1,15.91%,11.36%,162,10
51610,Falls Church City,2013,9.41%,12.94%,520,2,7.63%,11.02%,498,133,12.50%,25.00%,36,1,3.23%,3.23%,202,0,8.64%,12.35%,518,8,2.50%,12.50%,144,12,5.66%,13.21%,137,9,7.84%,11.27%,1256,49,2.13%,10.64%,634,14,0.00%,33.33%,6,NA,0.00%,16.67%,125,1,0.00%,0.00%,3,NaN,12.61%,39.50%,8,0,6.38%,8.51%,871,18,6.53%,9.09%,1389,116,0.00%,0.00%,1,NA,3.85%,11.54%,217,23,7.46%,11.19%,651,21,4.17%,8.33%,144,3,0.00%,0.00%,3,NA,2.50%,7.50%,157,2
51610,Falls Church City,2014,10.71%,15.48%,568,264,4.55%,31.82%,597,37,14.29%,14.29%,33,0,6.25%,21.88%,205,17,5.48%,26.03%,409,142,5.41%,8.11%,143,362,8.00%,22.00%,133,8,3.78%,4.86%,1049,175,6.67%,31.11%,636,29,0.00%,50.00%,4,NA,0.00%,20.00%,76,2,0.00%,0.00%,3,NaN,8.86%,44.30%,7,189,4.42%,13.26%,828,40,6.90%,19.05%,1448,149,0.00%,0.00%,1,8,6.76%,13.51%,212,18,3.25%,14.63%,578,89,15.38%,19.23%,146,26,0.00%,0.00%,3,NA,5.13%,12.82%,159,31
51610,Falls Church City,2015,11.39%,3.80%,817,66,3.27%,9.80%,495,21,0.00%,0.00%,40,NaN,10.71%,10.71%,222,12,3.51%,14.04%,525,4,8.11%,0.00%,539,31,11.36%,11.36%,121,13,6.84%,4.74%,1214,58,6.06%,6.06%,639,16,66.67%,0.00%,3,3,0.00%,0.00%,69,NA,0.00%,0.00%,3,NaN,24.14%,31.03%,296,89,10.73%,4.52%,908,105,4.25%,4.25%,1457,115,0.00%,0.00%,126,2,2.99%,5.97%,225,12,0.95%,5.71%,626,6,0.00%,9.52%,157,1,0.00%,0.00%,3,NA,5.56%,8.33%,144,3
51610,Falls Church City,2016,8.43%,9.64%,789,82,4.79%,19.86%,474,9,14.29%,28.57%,47,7,13.79%,10.34%,219,13,9.43%,5.66%,519,11,2.63%,2.63%,524,23,9.30%,18.60%,119,8,6.19%,9.28%,1191,75,6.06%,9.09%,648,1204,25.00%,50.00%,2,1,5.88%,17.65%,70,1,0.00%,0.00%,3,NaN,27.27%,61.82%,259,86,3.45%,9.20%,901,30,6.83%,11.48%,1605,129,0.00%,50.00%,126,NA,10.00%,11.43%,252,28,3.81%,10.48%,633,31,9.52%,14.29%,156,5,0.00%,0.00%,3,NA,8.33%,11.11%,149,30
51610,Falls Church City,2017,10.71%,5.95%,813,79,11.36%,19.70%,433,234,0.00%,0.00%,45,NaN,18.75%,9.38%,236,33,16.13%,12.90%,623,190,15.91%,6.82%,478,243,20.45%,9.09%,126,23,18.98%,7.41%,1327,269,23.08%,12.82%,1771,29,75.00%,25.00%,4,1,6.67%,20.00%,66,2,0.00%,100.00%,3,NaN,44.74%,47.37%,219,112,14.59%,7.57%,942,121,12.94%,11.05%,1557,158,0.00%,0.00%,125,7,17.33%,13.33%,257,37,10.68%,6.80%,645,221,18.18%,9.09%,157,16,33.33%,33.33%,7,4,21.95%,2.44%,173,15
51610,Falls Church City,2018,15.63%,16.67%,856,97,14.52%,15.32%,599,35,0.00%,0.00%,38,NaN,21.62%,13.51%,174,25,20.29%,11.59%,818,40,4.65%,4.65%,687,8,35.48%,6.45%,167,50,14.16%,5.58%,1348,179,20.93%,6.98%,475,30,33.33%,16.67%,5,1,25.00%,6.25%,76,16,NaN,NaN,NaN,NaN,79.59%,51.02%,668,546,16.18%,9.31%,950,92,9.14%,7.20%,1522,225,0.00%,0.00%,125,7,22.62%,7.14%,289,59,20.66%,11.57%,878,69,4.76%,19.05%,168,9,0.00%,0.00%,5,NA,2.44%,17.07%,172,1
51610,Falls Church City,2019,17.53%,3.09%,832,133,7.08%,5.31%,397,147,0.00%,0.00%,31,NaN,5.88%,11.76%,146,3,8.96%,2.99%,660,24,4.65%,2.33%,583,8,9.38%,7.81%,160,111,7.20%,5.08%,1255,93,2.44%,9.76%,461,1,16.67%,0.00%,11,7,11.76%,5.88%,86,55,NaN,NaN,NaN,NaN,25.00%,57.81%,449,112,14.35%,6.02%,877,95,6.15%,4.75%,1682,89,0.00%,0.00%,125,55,8.24%,3.53%,285,19,4.42%,6.19%,851,20,22.73%,9.09%,111,19,0.00%,0.00%,5,NA,5.56%,8.33%,158,11
51683,Manassas City,2011,100.00%,11.86%,463,463,99.63%,17.29%,1568,1566,100.00%,22.22%,61,61,100.00%,6.90%,167,167,99.76%,7.80%,2184,2184,100.00%,4.55%,164,164,100.00%,14.04%,322,322,99.66%,7.80%,3271,3270,100.00%,13.64%,113,113,100.00%,16.67%,21,21,100.00%,5.13%,618,618,100.00%,0.00%,3,3,100.00%,38.57%,2,2,100.00%,7.18%,1134,1134,100.00%,7.66%,2308,2308,100.00%,0.00%,123,NA,100.00%,7.75%,479,479,100.00%,12.12%,973,973,100.00%,6.67%,341,341,100.00%,0.00%,3,3,100.00%,11.11%,436,436
51683,Manassas City,2012,11.30%,7.83%,438,207,9.30%,18.18%,1443,51,22.22%,0.00%,11,2,7.02%,15.79%,151,5,7.62%,14.74%,2200,77,12.77%,17.02%,164,68,11.82%,12.73%,324,35,9.18%,14.63%,3143,44,7.32%,21.95%,107,27,10.00%,0.00%,15,2,15.29%,12.94%,643,34,0.00%,0.00%,3,NaN,17.39%,36.23%,2,0,8.67%,10.40%,1130,56,9.26%,12.52%,2271,119,40.00%,20.00%,127,NA,4.84%,4.84%,471,16,12.23%,11.79%,981,55,22.22%,9.26%,393,84,0.00%,0.00%,3,NA,12.35%,13.58%,399,19
51683,Manassas City,2013,6.19%,11.50%,657,43,7.01%,14.02%,1346,226,0.00%,0.00%,11,NaN,14.04%,15.79%,152,8,6.72%,14.52%,2132,103,11.36%,15.91%,229,3,3.06%,21.43%,295,27,4.55%,8.71%,3006,50,5.88%,11.76%,122,4,0.00%,0.00%,15,2,6.33%,10.13%,657,27,0.00%,100.00%,3,NaN,12.58%,47.68%,1,0,5.50%,9.17%,1074,52,7.17%,8.72%,1762,122,20.00%,20.00%,123,NA,3.25%,14.63%,400,8,9.42%,13.45%,883,38,9.26%,12.04%,452,101,0.00%,0.00%,2,NA,6.67%,13.33%,395,12
51683,Manassas City,2014,13.68%,12.82%,770,353,10.24%,33.17%,1516,92,0.00%,44.44%,11,NaN,14.29%,23.21%,142,43,6.45%,24.93%,2077,103,15.56%,6.67%,196,136,9.30%,23.26%,270,16,7.28%,13.41%,3010,224,9.09%,21.21%,122,10,9.09%,54.55%,18,12,2.74%,16.44%,645,17,NaN,NaN,NaN,NaN,13.19%,54.95%,1,208,6.52%,16.15%,1117,99,7.09%,18.31%,1789,1221,0.00%,0.00%,115,195,7.89%,19.30%,359,57,9.81%,15.89%,810,270,8.74%,19.42%,508,47,0.00%,0.00%,2,NA,15.58%,20.78%,399,23
51683,Manassas City,2015,7.27%,4.55%,1142,82,5.86%,14.48%,1269,105,0.00%,0.00%,6,NaN,6.52%,8.70%,155,27,5.58%,4.09%,1965,26,6.67%,6.67%,359,21,7.14%,2.86%,247,168,6.61%,5.37%,3120,131,16.13%,6.45%,119,10,0.00%,0.00%,16,NA,4.62%,4.62%,654,19,NaN,NaN,NaN,NaN,37.88%,36.36%,379,159,7.53%,6.16%,1053,48,6.11%,6.11%,2821,100,0.00%,0.00%,128,NA,8.91%,3.96%,339,25,9.09%,7.07%,1059,75,8.70%,3.26%,531,40,0.00%,0.00%,2,NA,6.15%,6.15%,383,32
51683,Manassas City,2016,13.93%,9.84%,1214,135,11.43%,18.21%,1366,137,0.00%,0.00%,6,NaN,8.70%,13.04%,173,22,9.44%,11.19%,1934,54,4.55%,9.09%,339,16,9.21%,15.79%,400,31,4.17%,9.17%,3195,1750,9.38%,3.13%,125,10,16.67%,0.00%,22,6,3.13%,4.69%,625,28,NaN,NaN,NaN,NaN,27.12%,49.15%,365,117,8.33%,11.67%,1076,74,9.45%,10.77%,2185,102,20.00%,0.00%,134,NA,5.88%,5.88%,341,39,9.80%,10.78%,1087,177,10.10%,10.10%,523,30,50.00%,0.00%,4,2,4.69%,10.94%,402,17
51683,Manassas City,2017,19.12%,5.88%,1248,514,11.92%,12.31%,1316,71,0.00%,0.00%,6,NaN,9.09%,6.82%,154,9,14.53%,10.14%,1916,156,9.09%,2.27%,366,30,24.71%,9.41%,447,60,12.40%,3.20%,4906,138,13.89%,5.56%,128,55,14.29%,14.29%,20,0,10.14%,11.59%,687,44,NaN,NaN,NaN,NaN,50.00%,48.33%,362,182,14.47%,10.61%,1149,154,14.64%,9.21%,2365,519,0.00%,0.00%,135,NA,14.16%,13.27%,393,97,16.89%,10.05%,1250,130,13.59%,19.42%,542,44,33.33%,0.00%,11,7,10.77%,13.85%,413,23
51683,Manassas City,2018,12.33%,8.22%,1675,124,15.56%,11.48%,1228,415,0.00%,20.00%,6,NaN,12.77%,12.77%,173,25,14.24%,9.71%,2007,100,14.00%,2.00%,372,34,20.62%,11.34%,453,40,12.90%,7.53%,4972,127,19.05%,2.38%,205,33,0.00%,0.00%,19,NA,8.96%,7.46%,695,27,NaN,NaN,NaN,NaN,70.48%,65.71%,699,519,14.72%,12.58%,1150,115,10.86%,7.58%,2630,294,0.00%,40.00%,137,,16.24%,12.82%,451,51,14.35%,10.43%,1190,101,17.17%,10.10%,498,36,0.00%,0.00%,10,3,8.20%,9.84%,393,6
51683,Manassas City,2019,6.29%,7.69%,1650,76,8.05%,7.28%,1524,58,20.00%,40.00%,6,1,6.82%,4.55%,154,11,15.96%,3.31%,2042,107,14.04%,8.77%,441,50,8.51%,7.45%,451,27,10.45%,4.18%,4833,128,10.87%,4.35%,206,14,0.00%,0.00%,19,NA,3.17%,0.00%,670,7,NaN,NaN,NaN,NaN,45.45%,63.64%,442,210,10.66%,5.64%,1101,126,10.47%,4.94%,2754,263,25.00%,0.00%,124,,8.93%,8.04%,429,20,13.03%,4.20%,1136,156,9.09%,4.04%,525,31,50.00%,0.00%,24,11,11.29%,4.84%,398,18
51685,Manassas Park City,2011,66.67%,16.67%,150,142,32.52%,19.90%,466,268,33.33%,0.00%,13,11,63.64%,27.27%,23,18,67.46%,10.06%,1372,1295,50.00%,0.00%,35,31,74.07%,11.11%,69,56,65.00%,5.00%,61,34,37.50%,0.00%,29,19,NA,NA,NA,NA,72.73%,4.55%,162,153,NaN,NaN,NaN,NaN,74.63%,40.30%,1,1,63.48%,10.43%,411,334,47.41%,12.07%,258,182,100.00%,50.00%,55,,70.97%,6.45%,163,151,67.80%,11.86%,214,187,55.88%,11.76%,93,76,NA,NA,NA,NA,85.00%,7.50%,173,165
51685,Manassas Park City,2012,3.85%,7.69%,148,0,8.84%,15.47%,412,12,0.00%,0.00%,13,NaN,27.27%,27.27%,23,4,5.63%,8.13%,1366,32,7.69%,23.08%,39,1,7.69%,15.38%,65,6,13.64%,31.82%,62,0,11.11%,22.22%,30,1,NA,NA,NA,NA,4.55%,18.18%,160,2,NaN,NaN,NaN,NaN,27.27%,45.45%,1,0,6.54%,7.48%,395,11,11.40%,12.28%,262,72,0.00%,0.00%,50,,3.45%,17.24%,166,3,7.27%,16.36%,201,9,14.29%,8.57%,105,12,NA,NA,NA,NA,13.95%,4.65%,191,12
51685,Manassas Park City,2013,4.00%,0.00%,148,0,8.93%,12.50%,362,80,0.00%,0.00%,13,NaN,0.00%,0.00%,18,1,7.01%,17.83%,1005,22,9.09%,18.18%,26,4,8.33%,8.33%,62,2,21.05%,5.26%,40,6,30.00%,10.00%,29,3,NA,NA,NA,NA,19.05%,14.29%,159,8,NaN,NaN,NaN,NaN,14.29%,54.29%,2,1,9.35%,13.08%,381,11,6.60%,15.09%,311,25,0.00%,0.00%,50,,7.69%,11.54%,161,4,15.09%,11.32%,196,8,3.03%,21.21%,93,2,NA,NA,NA,NA,4.65%,2.33%,188,3
51685,Manassas Park City,2014,16.67%,20.00%,244,94,9.32%,39.13%,428,19,0.00%,0.00%,13,1,0.00%,12.50%,19,NaN,10.34%,24.83%,967,165,0.00%,11.11%,26,17,8.33%,33.33%,52,8,0.00%,33.33%,42,2,0.00%,33.33%,29,NA,NA,NA,NA,NA,5.56%,11.11%,149,5,NaN,NaN,NaN,NaN,11.11%,61.11%,0,24,4.00%,22.00%,347,31,9.18%,29.59%,312,13,0.00%,0.00%,50,,4.00%,48.00%,158,2,11.32%,13.21%,191,26,16.13%,16.13%,78,8,NA,NA,NA,NA,6.67%,20.00%,190,14
51685,Manassas Park City,2015,7.69%,3.85%,321,13,8.49%,9.43%,323,12,0.00%,0.00%,14,NaN,0.00%,14.29%,18,NaN,8.40%,3.36%,1007,24,0.00%,0.00%,42,NA,15.79%,5.26%,45,7,20.00%,0.00%,44,11,28.57%,0.00%,25,3,NA,NA,NA,NA,0.00%,0.00%,152,NA,NaN,NaN,NaN,NaN,22.22%,33.33%,42,12,10.34%,5.75%,340,22,11.69%,7.79%,267,13,0.00%,0.00%,50,,0.00%,23.08%,131,NA,16.36%,1.82%,231,49,13.33%,6.67%,71,6,NA,NA,NA,NA,7.69%,10.26%,188,30
51685,Manassas Park City,2016,10.71%,3.57%,342,25,8.49%,16.04%,321,13,25.00%,25.00%,15,1,14.29%,14.29%,17,2,8.73%,7.94%,1020,28,11.11%,22.22%,41,5,14.29%,4.76%,50,5,16.67%,22.22%,58,11,11.11%,11.11%,34,7,100.00%,0.00%,8,8,11.11%,5.56%,175,23,100.00%,0.00%,2,2,45.45%,54.55%,54,38,16.33%,21.43%,351,33,8.75%,6.25%,276,20,0.00%,0.00%,50,,9.09%,9.09%,126,2,8.47%,10.17%,224,33,9.68%,6.45%,76,10,NA,NA,NA,NA,7.89%,10.53%,211,13
51685,Manassas Park City,2017,12.90%,12.90%,366,29,8.33%,23.96%,328,30,0.00%,0.00%,13,NaN,50.00%,0.00%,34,18,14.71%,8.09%,1042,37,12.50%,12.50%,45,2,13.64%,18.18%,54,8,39.13%,17.39%,84,36,27.27%,27.27%,37,6,0.00%,0.00%,7,NA,21.74%,17.39%,173,5,0.00%,0.00%,2,NaN,73.68%,57.89%,110,86,6.02%,12.05%,330,15,11.76%,17.65%,290,57,0.00%,0.00%,50,,33.33%,6.67%,139,15,11.67%,11.67%,236,18,12.50%,18.75%,82,9,NA,NA,NA,NA,10.53%,13.16%,214,12
51685,Manassas Park City,2018,15.63%,9.38%,351,21,21.51%,17.20%,318,41,0.00%,33.33%,13,NaN,0.00%,8.33%,30,NaN,16.22%,7.43%,1062,39,12.50%,0.00%,44,1,19.05%,9.52%,55,13,9.52%,14.29%,73,3,27.27%,18.18%,25,4,0.00%,0.00%,7,NA,17.39%,4.35%,177,12,0.00%,0.00%,2,NaN,76.47%,61.76%,225,177,12.05%,6.02%,332,27,19.54%,11.49%,328,44,0.00%,0.00%,245,,0.00%,0.00%,138,NA,16.92%,6.15%,282,27,32.43%,0.00%,100,33,NA,NA,NA,NA,5.88%,8.82%,205,4
51685,Manassas Park City,2019,12.12%,9.09%,271,23,10.47%,4.65%,285,23,0.00%,0.00%,12,NaN,15.38%,0.00%,35,8,16.46%,3.66%,1075,74,0.00%,0.00%,44,NA,0.00%,0.00%,44,NA,14.29%,4.76%,67,9,0.00%,0.00%,23,NA,0.00%,0.00%,7,NA,8.33%,4.17%,184,9,0.00%,0.00%,2,NaN,40.91%,59.09%,146,63,15.96%,5.32%,344,21,9.30%,2.33%,344,31,0.00%,0.00%,50,,17.65%,5.88%,141,6,7.46%,7.46%,288,16,2.63%,7.89%,111,8,NA,NA,NA,NA,5.88%,0.00%,201,9